Instr,IPC,CPI
361585955.000000,0.714420,1.399738,9
362413653.000000,0.714031,1.400500,9
363829255.000000,0.715239,1.398134,9
363538381.000000,0.714902,1.398793,9
363273213.000000,0.714405,1.399765,9
365475298.000000,0.715106,1.398394,9
362799792.000000,0.709866,1.408717,9
365599896.000000,0.714438,1.399701,9
364437419.000000,0.712423,1.403660,9
363391247.000000,0.709232,1.409976,9
364097246.000000,0.710329,1.407799,9
364701910.000000,0.711540,1.405402,9
364347923.000000,0.710279,1.407898,9
363875438.000000,0.707889,1.412651,9
366787744.000000,0.708991,1.410455,9
371315496.000000,0.716243,1.396174,9
368243328.000000,0.709821,1.408805,9
369386901.000000,0.712327,1.403849,9
368720654.000000,0.710466,1.407527,9
368526737.000000,0.708497,1.411438,9
368513692.000000,0.707305,1.413818,9
368389754.000000,0.706981,1.414466,9
370443122.000000,0.709542,1.409359,9
370825746.000000,0.709899,1.408652,9
374378925.000000,0.715784,1.397069,9
372882882.000000,0.712977,1.402570,9
372809276.000000,0.711611,1.405262,9
373815626.000000,0.712730,1.403055,9
371033854.000000,0.707796,1.412836,9
373160202.000000,0.711061,1.406350,9
371107580.000000,0.707632,1.413164,9
373404334.000000,0.712278,1.403946,9
370885236.000000,0.706897,1.414633,9
373193660.000000,0.710863,1.406741,9
370925342.000000,0.707009,1.414410,9
373010939.000000,0.710779,1.406906,9
375850158.000000,0.715834,1.396973,9
373800688.000000,0.711536,1.405410,9
372367424.000000,0.707720,1.412989,9
371116185.000000,0.705480,1.417475,9
371620746.000000,0.704744,1.418956,9
377110675.000000,0.715586,1.397456,9
374064256.000000,0.709463,1.409517,9
374180081.000000,0.709465,1.409513,9
376946497.000000,0.714367,1.399842,9
371443916.000000,0.704737,1.418969,9
374191446.000000,0.709974,1.408501,9
374391364.000000,0.710174,1.408105,9
377079321.000000,0.713178,1.402174,9
373822912.000000,0.708145,1.412141,9
374740768.000000,0.708166,1.412098,9
374530704.000000,0.708152,1.412125,9
374521446.000000,0.706986,1.414455,9
377060622.000000,0.711759,1.404969,9
378117381.000000,0.713350,1.401837,9
376924643.000000,0.709764,1.408920,9
379565883.000000,0.714300,1.399971,9
374337887.000000,0.704157,1.420138,9
380747496.000000,0.714241,1.400087,9
379314589.000000,0.711536,1.405411,9
374827293.000000,0.703406,1.421653,9
378498653.000000,0.709242,1.409955,9
378659863.000000,0.708834,1.410767,9
380776619.000000,0.712465,1.403578,9
378489161.000000,0.707679,1.413071,9
381234839.000000,0.711453,1.405573,9
381228634.000000,0.711974,1.404547,9
382703690.000000,0.713137,1.402255,9
380471255.000000,0.707388,1.413652,9
382371487.000000,0.710171,1.408111,9
381803464.000000,0.709106,1.410227,9
381632474.000000,0.709094,1.410250,9
382302712.000000,0.708283,1.411865,9
383315923.000000,0.708593,1.411247,9
384506078.000000,0.708441,1.411551,9
384990397.000000,0.707742,1.412944,9
385309682.000000,0.707753,1.412923,9
385016953.000000,0.708120,1.412189,9
385799550.000000,0.708471,1.411489,9
383941215.000000,0.705814,1.416803,9
384859118.000000,0.706712,1.415004,9
384799370.000000,0.707316,1.413795,9
384635419.000000,0.706199,1.416032,9
384802858.000000,0.706168,1.416094,9
385751478.000000,0.706590,1.415249,9
384821794.000000,0.706007,1.416416,9
384839773.000000,0.704006,1.420442,9
384382772.000000,0.704690,1.419064,9
385905279.000000,0.705837,1.416758,9
385276364.000000,0.705119,1.418200,9
385659030.000000,0.705832,1.416768,9
388305493.000000,0.710433,1.407593,9
386615586.000000,0.705072,1.418295,9
388652456.000000,0.708981,1.410475,9
386372068.000000,0.704086,1.420281,9
386236934.000000,0.705720,1.416992,9
386979546.000000,0.705205,1.418027,9
385743231.000000,0.703408,1.421650,9
385729019.000000,0.702242,1.424010,9
386234403.000000,0.704345,1.419758,9
386728802.000000,0.703655,1.421150,9
386658620.000000,0.704076,1.420302,9
389496677.000000,0.707795,1.412839,9
386389403.000000,0.699322,1.429956,9
385489165.000000,0.697978,1.432711,9
392409593.000000,0.708886,1.410664,9
392175427.000000,0.709075,1.410288,9
390835253.000000,0.704075,1.420303,9
16285163.000000,0.895525,1.116664,14
393132433.000000,0.706370,1.415688,9
394770047.000000,0.708195,1.412041,9
15841224.000000,0.908356,1.100890,14
396142097.000000,0.709797,1.408853,9
395237476.000000,0.709102,1.410234,9
395086585.000000,0.708292,1.411847,9
394947881.000000,0.706495,1.415438,9
395321405.000000,0.706798,1.414832,9
395190646.000000,0.706186,1.416057,9
16945162.000000,0.891359,1.121882,14
15845954.000000,0.897817,1.113813,14
396856846.000000,0.708722,1.410990,9
397311212.000000,0.709106,1.410227,9
395711395.000000,0.705967,1.416496,9
16015300.000000,0.879927,1.136458,14
16016363.000000,0.885446,1.129374,14
395376299.000000,0.704795,1.418853,9
395908153.000000,0.705198,1.418041,9
396002469.000000,0.704516,1.419414,9
396704577.000000,0.706397,1.415634,9
16272819.000000,0.892895,1.119952,14
396388101.000000,0.704497,1.419452,9
396503331.000000,0.703473,1.421519,9
16945771.000000,0.877796,1.139217,14
395765639.000000,0.702783,1.422914,9
396661537.000000,0.704022,1.420410,9
17112429.000000,0.888051,1.126062,14
17113891.000000,0.876509,1.140890,14
397184847.000000,0.704070,1.420314,9
16287328.000000,0.880136,1.136188,14
16487433.000000,0.891915,1.121184,14
16485390.000000,0.890809,1.122574,14
16651118.000000,0.879911,1.136479,14
16649208.000000,0.873599,1.144691,14
16651711.000000,0.887671,1.126543,14
16649881.000000,0.874823,1.143089,14
16652967.000000,0.884633,1.130413,14
16652729.000000,0.876199,1.141294,14
16648766.000000,0.872058,1.146712,14
16651580.000000,0.876621,1.140743,14
16650817.000000,0.879903,1.136489,14
16652699.000000,0.869202,1.150481,14
16486056.000000,0.896523,1.115420,14
16653048.000000,0.871168,1.147885,14
16649564.000000,0.883039,1.132453,14
16649135.000000,0.878191,1.138704,14
16484222.000000,0.897546,1.114149,14
16943991.000000,0.889010,1.124847,14
16950976.000000,0.879872,1.136529,14
16947885.000000,0.882667,1.132929,14
16487734.000000,0.890050,1.123533,14
16942960.000000,0.881937,1.133868,14
16484731.000000,0.894917,1.117422,14
16944478.000000,0.887578,1.126662,14
16649587.000000,0.882302,1.133398,14
16651858.000000,0.876233,1.141249,14
17116627.000000,0.879781,1.136647,14
17115753.000000,0.880408,1.135837,14
16650759.000000,0.878662,1.138093,14
16653311.000000,0.877354,1.139791,14
16943628.000000,0.882130,1.133620,14
17115669.000000,0.880072,1.136271,14
17114847.000000,0.873437,1.144903,14
16006550.000000,0.904433,1.105666,14
17113636.000000,0.884967,1.129986,14
16036084.000000,0.869120,1.150589,14
17116907.000000,0.873016,1.145454,14
16271861.000000,0.889663,1.124021,14
17116862.000000,0.877467,1.139644,14
16651793.000000,0.869760,1.149743,14
16653557.000000,0.874794,1.143126,14
17114785.000000,0.881702,1.134170,14
16649822.000000,0.882059,1.133711,14
16651033.000000,0.865965,1.154781,14
15635636.000000,0.894870,1.117481,14
16275087.000000,0.885712,1.129035,14
16005454.000000,0.892275,1.120731,14
16648465.000000,0.883205,1.132240,14
16650971.000000,0.880335,1.135931,14
16731161.000000,0.881300,1.134687,14
16648975.000000,0.879458,1.137064,14
16007811.000000,0.895653,1.116504,14
16649516.000000,0.874360,1.143693,14
16651917.000000,0.878524,1.138273,14
16007943.000000,0.904644,1.105407,14
16008760.000000,0.886758,1.127704,14
16648612.000000,0.878961,1.137707,14
16653111.000000,0.875887,1.141699,14
17116964.000000,0.877864,1.139128,14
17112580.000000,0.879221,1.137371,14
16734458.000000,0.883115,1.132355,14
16650248.000000,0.871297,1.147714,14
16733989.000000,0.878508,1.138293,14
17116862.000000,0.877358,1.139786,14
16730781.000000,0.883084,1.132395,14
16652747.000000,0.869014,1.150730,14
16649437.000000,0.868806,1.151006,14
16653111.000000,0.866855,1.153595,14
17115607.000000,0.872215,1.146506,14
17113699.000000,0.875942,1.141629,14
16017938.000000,0.884517,1.130561,14
17112943.000000,0.883085,1.132394,14
17114900.000000,0.868043,1.152016,14
17113398.000000,0.883033,1.132461,14
17117025.000000,0.881006,1.135066,14
17113555.000000,0.881971,1.133824,14
17118073.000000,0.877591,1.139482,14
16015971.000000,0.885846,1.128864,14
17121776.000000,0.876981,1.140276,14
17114784.000000,0.873625,1.144656,14
17116777.000000,0.871795,1.147059,14
17113614.000000,0.871095,1.147980,14
17116963.000000,0.864580,1.156631,14
17116561.000000,0.874712,1.143233,14
17116459.000000,0.870997,1.148110,14
17115692.000000,0.866305,1.154328,14
17115629.000000,0.881370,1.134598,14
17117403.000000,0.875366,1.142379,14
16283170.000000,0.885112,1.129801,14
15640447.000000,0.895264,1.116989,14
17136795.000000,0.855151,1.169384,14
17113552.000000,0.877899,1.139084,14
16016609.000000,0.879286,1.137286,14
16650185.000000,0.872805,1.145731,14
16015297.000000,0.883191,1.132258,14
17115070.000000,0.877196,1.139996,14
17115118.000000,0.880060,1.136287,14
16651701.000000,0.881810,1.134031,14
17116038.000000,0.880585,1.135609,14
17113699.000000,0.879066,1.137571,14
16649741.000000,0.880857,1.135258,14
17113921.000000,0.884489,1.130597,14
17113852.000000,0.880462,1.135767,14
16653180.000000,0.865681,1.155160,14
16731150.000000,0.876612,1.140756,14
16733121.000000,0.877758,1.139266,14
16733411.000000,0.872401,1.146262,14
17113552.000000,0.878916,1.137766,14
16732678.000000,0.881500,1.134430,14
17114467.000000,0.877707,1.139332,14
17113744.000000,0.879830,1.136583,14
17113555.000000,0.877617,1.139449,14
17115695.000000,0.876348,1.141100,14
17117264.000000,0.873653,1.144619,14
17115545.000000,0.878092,1.138833,14
17115544.000000,0.879833,1.136580,14
17114785.000000,0.882122,1.133630,14
226496319.000000,0.707184,1.414060,5
231645812.000000,0.700872,1.426793,5
226367325.000000,0.722448,1.384183,5
227805471.000000,0.719591,1.389677,5
231438241.000000,0.716918,1.394859,5
234218705.000000,0.716405,1.395859,5
232363788.000000,0.720827,1.387295,5
232658628.000000,0.725121,1.379080,5
233713634.000000,0.716048,1.396555,5
235813025.000000,0.712122,1.404253,5
235777034.000000,0.720239,1.388429,5
234692836.000000,0.714559,1.399466,5
232783284.000000,0.710444,1.407570,5
235501915.000000,0.709788,1.408871,5
240805634.000000,0.709192,1.410056,5
239598403.000000,0.714882,1.398833,5
235175918.000000,0.714911,1.398776,5
238224710.000000,0.713136,1.402258,5
236685534.000000,0.711362,1.405753,5
237222877.000000,0.707534,1.413360,5
239832404.000000,0.714192,1.400183,5
237800805.000000,0.712250,1.404001,5
238201584.000000,0.709086,1.410267,5
239366959.000000,0.714141,1.400284,5
240888244.000000,0.706150,1.416129,5
240658654.000000,0.704511,1.419423,5
240960306.000000,0.709624,1.409197,5
236487893.000000,0.707938,1.412552,5
242182435.000000,0.715469,1.397685,5
244535940.000000,0.706568,1.415292,5
242198114.000000,0.707304,1.413820,5
246644734.000000,0.706692,1.415044,5
245072653.000000,0.707913,1.412604,5
245910110.000000,0.711991,1.404512,5
247671922.000000,0.705173,1.418091,5
247074714.000000,0.711549,1.405384,5
248637984.000000,0.702901,1.422675,5
245506258.000000,0.702181,1.424135,5
246300656.000000,0.701101,1.426328,5
250945816.000000,0.701749,1.425012,5
246551056.000000,0.702086,1.424326,5
251395809.000000,0.711905,1.404683,5
248977422.000000,0.700438,1.427679,5
249558500.000000,0.698385,1.431875,5
250420489.000000,0.710649,1.407164,5
250435138.000000,0.704239,1.419972,5
251874445.000000,0.708270,1.411891,5
252935985.000000,0.708993,1.410452,5
252633956.000000,0.708623,1.411188,5
250641533.000000,0.702229,1.424038,5
247572599.000000,0.693831,1.441273,5
255332402.000000,0.696587,1.435572,5
253932188.000000,0.703134,1.422204,5
250936057.000000,0.701901,1.424702,5
254350642.000000,0.699729,1.429124,5
256212455.000000,0.701833,1.424841,5
255258844.000000,0.703900,1.420657,5
254859694.000000,0.702269,1.423956,5
255214048.000000,0.700028,1.428515,5
255630962.000000,0.703002,1.422471,5
254848260.000000,0.701087,1.426357,5
255805372.000000,0.703150,1.422171,5
254891739.000000,0.699504,1.429585,5
256233419.000000,0.696511,1.435727,5
257967278.000000,0.698178,1.432300,5
257572358.000000,0.700022,1.428527,5
257455914.000000,0.701608,1.425298,5
257729028.000000,0.698716,1.431197,5
258337241.000000,0.702239,1.424017,5
257113207.000000,0.695479,1.437857,5
259432875.000000,0.704037,1.420380,5
257838642.000000,0.699008,1.430599,5
259622313.000000,0.702892,1.422693,5
259764858.000000,0.696856,1.435017,5
255946771.000000,0.691318,1.446512,5
258931651.000000,0.690162,1.448935,5
261831734.000000,0.699823,1.428932,5
257988322.000000,0.693198,1.442589,5
261388342.000000,0.692794,1.443430,5
259025600.000000,0.693089,1.442815,5
262001110.000000,0.700912,1.426712,5
262589771.000000,0.694444,1.440001,5
261999152.000000,0.699869,1.428839,5
261907271.000000,0.692430,1.444190,5
259704527.000000,0.690289,1.448668,5
261644664.000000,0.693416,1.442136,5
264550072.000000,0.694001,1.440919,5
262758502.000000,0.691266,1.446620,5
264801596.000000,0.690656,1.447899,5
264577147.000000,0.694957,1.438938,5
265345092.000000,0.695348,1.438129,5
269331363.000000,0.692902,1.443206,5
267210027.000000,0.688396,1.452652,5
267947801.000000,0.695024,1.438798,5
267585636.000000,0.689240,1.450874,5
270531005.000000,0.693577,1.441801,5
270690252.000000,0.691789,1.445527,5
269380449.000000,0.681929,1.466427,5
272876206.000000,0.688151,1.453169,5
272347822.000000,0.692945,1.443117,5
272393407.000000,0.692901,1.443207,5
271435740.000000,0.689341,1.450661,5
274086962.000000,0.690956,1.447269,5
271534070.000000,0.683833,1.462345,5
272670322.000000,0.687734,1.454051,5
274273520.000000,0.687335,1.454894,5
275108944.000000,0.686781,1.456068,5
278088988.000000,0.690979,1.447222,5
274257510.000000,0.684789,1.460304,5
274596613.000000,0.683751,1.462521,5
280955913.000000,0.690689,1.447831,5
278920293.000000,0.686293,1.457104,5
276106236.000000,0.681556,1.467230,5
282378757.000000,0.682243,1.465753,5
279141642.000000,0.687845,1.453815,5
280402730.000000,0.684799,1.460283,5
279158194.000000,0.685452,1.458891,5
282904658.000000,0.688006,1.453475,5
282749687.000000,0.684099,1.461776,5
285217035.000000,0.688505,1.452423,5
285887594.000000,0.679707,1.471222,5
284922191.000000,0.683247,1.463599,5
283670930.000000,0.682681,1.464814,5
288294996.000000,0.682939,1.464260,5
288508580.000000,0.680184,1.470191,5
288622099.000000,0.681680,1.466963,5
292420700.000000,0.684051,1.461879,5
290248642.000000,0.682489,1.465225,5
142917985.000000,0.827022,1.209157,11
148044825.000000,0.825340,1.211622,11
150825002.000000,0.822656,1.215575,11
145928538.000000,0.817463,1.223297,11
143909812.000000,0.818222,1.222163,11
143899080.000000,0.821142,1.217815,11
148059886.000000,0.820086,1.219385,11
145932526.000000,0.819503,1.220252,11
142900845.000000,0.820175,1.219251,11
148063138.000000,0.823592,1.214193,11
143907637.000000,0.824571,1.212752,11
148056241.000000,0.821557,1.217201,11
143947679.000000,0.820864,1.218229,11
150802783.000000,0.827972,1.207770,11
151894624.000000,0.820291,1.219079,11
150817870.000000,0.821146,1.217811,11
151876753.000000,0.822970,1.215112,11
151923100.000000,0.831429,1.202748,11
151926646.000000,0.822386,1.215974,11
148004389.000000,0.825476,1.211422,11
151938700.000000,0.819615,1.220086,11
150800874.000000,0.819570,1.220152,11
150818757.000000,0.822118,1.216370,11
151913478.000000,0.826184,1.210385,11
151916471.000000,0.823684,1.214058,11
151922032.000000,0.825318,1.211654,11
150846440.000000,0.821549,1.217213,11
151944338.000000,0.817590,1.223106,11
145915184.000000,0.819134,1.220802,11
148024159.000000,0.822221,1.216217,11
148013329.000000,0.814755,1.227363,11
148056477.000000,0.819986,1.219533,11
148033383.000000,0.815246,1.226624,11
148079141.000000,0.817584,1.223116,11
148043496.000000,0.817362,1.223448,11
141852619.000000,0.817480,1.223272,11
148012141.000000,0.823847,1.213818,11
145913651.000000,0.819155,1.220771,11
145914452.000000,0.819066,1.220903,11
146951893.000000,0.824883,1.212293,11
150797348.000000,0.825732,1.211046,11
148075431.000000,0.817969,1.222541,11
148016298.000000,0.820102,1.219361,11
148067503.000000,0.816356,1.224956,11
148053937.000000,0.813364,1.229462,11
149690532.000000,0.824516,1.212833,11
148041321.000000,0.828358,1.207208,11
149686599.000000,0.820675,1.218509,11
149703939.000000,0.820473,1.218809,11
150816863.000000,0.818488,1.221765,11
149724459.000000,0.817037,1.223935,11
148043236.000000,0.819680,1.219988,11
143984645.000000,0.822977,1.215101,11
148016383.000000,0.818188,1.222213,11
151914512.000000,0.811826,1.231792,11
148015619.000000,0.821720,1.216959,11
151888872.000000,0.822717,1.215485,11
151919276.000000,0.811624,1.232097,11
143963913.000000,0.815355,1.226460,11
143921045.000000,0.817260,1.223601,11
146969902.000000,0.833990,1.199055,11
148038010.000000,0.821818,1.216814,11
143994910.000000,0.815259,1.226604,11
145939185.000000,0.817297,1.223545,11
148049940.000000,0.811657,1.232047,11
148009600.000000,0.812530,1.230723,11
148048507.000000,0.822220,1.216219,11
151936877.000000,0.824340,1.213092,11
148008455.000000,0.824220,1.213268,11
151944798.000000,0.816457,1.224804,11
151914282.000000,0.817378,1.223424,11
146983465.000000,0.822412,1.215935,11
151904638.000000,0.809504,1.235324,11
151898698.000000,0.812025,1.231489,11
151903367.000000,0.806868,1.239361,11
146997892.000000,0.822361,1.216012,11
146974360.000000,0.824714,1.212542,11
151914121.000000,0.821541,1.217225,11
148035853.000000,0.817830,1.222748,11
148032868.000000,0.816295,1.225047,11
146990529.000000,0.816566,1.224641,11
148037393.000000,0.824172,1.213339,11
151908958.000000,0.819895,1.219668,11
148044916.000000,0.822380,1.215983,11
148037345.000000,0.822161,1.216307,11
148040630.000000,0.821194,1.217739,11
141811574.000000,0.815407,1.226381,11
148033787.000000,0.818688,1.221467,11
143997801.000000,0.829377,1.205724,11
148038106.000000,0.813462,1.229314,11
144005721.000000,0.815972,1.225532,11
143915341.000000,0.813229,1.229666,11
144007255.000000,0.818499,1.221748,11
151918000.000000,0.813412,1.229390,11
151880734.000000,0.821684,1.217013,11
151891842.000000,0.816973,1.224030,11
151880077.000000,0.820386,1.218938,11
151928399.000000,0.812239,1.231164,11
151926802.000000,0.814816,1.227271,11
148055526.000000,0.825167,1.211875,11
149722247.000000,0.815758,1.225853,11
148013886.000000,0.813750,1.228879,11
149706590.000000,0.815965,1.225543,11
151910620.000000,0.809650,1.235102,11
149682983.000000,0.816020,1.225461,11
151921982.000000,0.823905,1.213732,11
149705659.000000,0.812451,1.230843,11
151923535.000000,0.808125,1.237432,11
151903975.000000,0.806410,1.240064,11
148030098.000000,0.810218,1.234235,11
151952885.000000,0.821812,1.216823,11
151895507.000000,0.822901,1.215213,11
151970802.000000,0.815607,1.226081,11
151896218.000000,0.815620,1.226061,11
151879696.000000,0.814510,1.227732,11
151945796.000000,0.824078,1.213477,11
151965353.000000,0.826899,1.209338,11
151905596.000000,0.808541,1.236796,11
151925626.000000,0.816916,1.224116,11
151935715.000000,0.825264,1.211734,11
151957812.000000,0.812518,1.230741,11
151925630.000000,0.815963,1.225546,11
151922169.000000,0.815714,1.225921,11
151889920.000000,0.814781,1.227324,11
151964441.000000,0.809405,1.235476,11
151960556.000000,0.812165,1.231278,11
151946249.000000,0.821161,1.217788,11
151904914.000000,0.817581,1.223120,11
202305721.000000,0.822672,1.215551,8
209178717.000000,0.832799,1.200770,8
209164070.000000,0.822945,1.215147,8
215568947.000000,0.828390,1.207160,8
215570914.000000,0.827394,1.208613,8
215600491.000000,0.821993,1.216556,8
200450727.000000,0.816394,1.224899,8
200329927.000000,0.824269,1.213196,8
222981916.000000,0.833168,1.200239,8
222950326.000000,0.834691,1.198048,8
202402169.000000,0.824338,1.213095,8
222991718.000000,0.831036,1.203317,8
225098936.000000,0.826711,1.209612,8
225096570.000000,0.826753,1.209550,8
209293737.000000,0.826665,1.209680,8
209295689.000000,0.832103,1.201775,8
225086041.000000,0.821816,1.216817,8
209192292.000000,0.828781,1.206591,8
217678422.000000,0.831753,1.202280,8
217707115.000000,0.826218,1.210334,8
209163731.000000,0.828179,1.207469,8
222981621.000000,0.829206,1.205973,8
217720577.000000,0.826638,1.209719,8
209185779.000000,0.823851,1.213812,8
209206989.000000,0.823718,1.214008,8
209332360.000000,0.829297,1.205841,8
209306998.000000,0.832409,1.201332,8
225099366.000000,0.825903,1.210796,8
215567526.000000,0.827425,1.208568,8
215591796.000000,0.825775,1.210984,8
209331674.000000,0.816603,1.224586,8
217723676.000000,0.825817,1.210921,8
225074535.000000,0.827806,1.208013,8
209327963.000000,0.816090,1.225355,8
215608564.000000,0.823019,1.215038,8
225061384.000000,0.827236,1.208845,8
225060627.000000,0.826537,1.209867,8
225058702.000000,0.824515,1.212835,8
225097926.000000,0.825092,1.211987,8
225099550.000000,0.825074,1.212013,8
225106167.000000,0.818286,1.222067,8
225089566.000000,0.819846,1.219741,8
230509425.000000,0.817204,1.223684,8
230518449.000000,0.814971,1.227037,8
225096164.000000,0.826692,1.209641,8
220799772.000000,0.822637,1.215602,8
220799064.000000,0.823507,1.214319,8
220783124.000000,0.823498,1.214332,8
230517762.000000,0.817710,1.222927,8
230494046.000000,0.818085,1.222367,8
220817147.000000,0.821812,1.216823,8
220791384.000000,0.820065,1.219415,8
230543269.000000,0.816576,1.224626,8
230496496.000000,0.815282,1.226570,8
225097698.000000,0.823078,1.214952,8
225058483.000000,0.825084,1.211997,8
225054803.000000,0.829309,1.205824,8
220787310.000000,0.822910,1.215200,8
230540774.000000,0.813786,1.228825,8
230544421.000000,0.811039,1.232986,8
220822233.000000,0.821443,1.217370,8
220815628.000000,0.819572,1.220149,8
225071769.000000,0.826986,1.209210,8
225055957.000000,0.826082,1.210534,8
225071778.000000,0.825030,1.212077,8
217720311.000000,0.822624,1.215623,8
225097983.000000,0.819175,1.220740,8
225073829.000000,0.819837,1.219754,8
225072657.000000,0.827377,1.208639,8
222939567.000000,0.830808,1.203647,8
225090083.000000,0.821905,1.216686,8
222989364.000000,0.829178,1.206013,8
225095283.000000,0.817263,1.223596,8
225084867.000000,0.819744,1.219894,8
225104852.000000,0.819881,1.219689,8
225059137.000000,0.819215,1.220681,8
225097083.000000,0.827180,1.208926,8
225054305.000000,0.831133,1.203177,8
225054474.000000,0.828897,1.206423,8
225086567.000000,0.819664,1.220012,8
217696353.000000,0.826636,1.209722,8
230513904.000000,0.815951,1.225563,8
225057556.000000,0.825459,1.211447,8
230522608.000000,0.816915,1.224118,8
230514230.000000,0.813781,1.228833,8
230496726.000000,0.813935,1.228599,8
225104261.000000,0.819019,1.220973,8
230495791.000000,0.813908,1.228640,8
230539090.000000,0.812138,1.231318,8
230496461.000000,0.818501,1.221746,8
225117266.000000,0.818972,1.221043,8
230523342.000000,0.813374,1.229447,8
230513576.000000,0.812100,1.231375,8
230496187.000000,0.816211,1.225174,8
230515782.000000,0.818249,1.222122,8
230547794.000000,0.816711,1.224423,8
230540094.000000,0.816752,1.224362,8
230521799.000000,0.815509,1.226228,8
230501214.000000,0.815128,1.226801,8
230527139.000000,0.814185,1.228222,8
230499463.000000,0.809427,1.235443,8
230523762.000000,0.810974,1.233086,8
230517259.000000,0.810640,1.233593,8
230541188.000000,0.811137,1.232837,8
230550174.000000,0.810208,1.234252,8
230541062.000000,0.807468,1.238439,8
230538245.000000,0.807740,1.238023,8
230543241.000000,0.809899,1.234722,8
222939396.000000,0.831299,1.202937,8
222966810.000000,0.827326,1.208713,8
230514742.000000,0.818226,1.222157,8
23516558.000000,0.759981,1.315822,13
230496275.000000,0.814101,1.228349,8
230514693.000000,0.813976,1.228538,8
225104618.000000,0.826857,1.209399,8
230513840.000000,0.813377,1.229443,8
230518918.000000,0.816867,1.224189,8
230838459.000000,0.818330,1.222002,8
230537592.000000,0.816940,1.224080,8
225079600.000000,0.824674,1.212601,8
230500103.000000,0.814524,1.227712,8
230495887.000000,0.813720,1.228924,8
230496100.000000,0.815791,1.225804,8
230496225.000000,0.812562,1.230675,8
230542388.000000,0.808437,1.236955,8
23508833.000000,0.763978,1.308938,13
22731502.000000,0.765814,1.305800,13
23479061.000000,0.768271,1.301624,13
24277865.000000,0.761926,1.312463,13
23504922.000000,0.765087,1.307041,13
24163376.000000,0.764695,1.307712,13
24165250.000000,0.764365,1.308276,13
24159102.000000,0.765181,1.306879,13
24162712.000000,0.762341,1.311749,13
230514556.000000,0.813007,1.230001,8
24278136.000000,0.766236,1.305080,13
230554664.000000,0.812287,1.231092,8
24952944.000000,0.763607,1.309574,13
23507062.000000,0.761918,1.312477,13
24282434.000000,0.762682,1.311163,13
23518464.000000,0.759569,1.316537,13
23520820.000000,0.758749,1.317958,13
24953299.000000,0.764881,1.307393,13
24952028.000000,0.763805,1.309234,13
24959048.000000,0.762903,1.310782,13
230540770.000000,0.816130,1.225294,8
24287845.000000,0.761629,1.312974,13
23516618.000000,0.760256,1.315346,13
24278448.000000,0.763088,1.310465,13
230544886.000000,0.812761,1.230373,8
24276467.000000,0.764708,1.307689,13
24279490.000000,0.763728,1.309367,13
24278595.000000,0.763554,1.309665,13
24280906.000000,0.763904,1.309065,13
24281550.000000,0.763109,1.310429,13
24278595.000000,0.764686,1.307727,13
24278443.000000,0.763855,1.309149,13
24277023.000000,0.764163,1.308621,13
24282060.000000,0.761109,1.313872,13
24284177.000000,0.761322,1.313505,13
22745159.000000,0.769947,1.298791,13
23512816.000000,0.765569,1.306219,13
23481343.000000,0.766746,1.304213,13
24282013.000000,0.763056,1.310519,13
24284037.000000,0.762644,1.311227,13
24173100.000000,0.760207,1.315431,13
24280088.000000,0.763058,1.310517,13
23487212.000000,0.768254,1.301653,13
23481905.000000,0.766532,1.304576,13
24277694.000000,0.764036,1.308840,13
23516618.000000,0.762097,1.312169,13
24175034.000000,0.761305,1.313534,13
23520382.000000,0.759156,1.317252,13
24276235.000000,0.765441,1.306436,13
24178088.000000,0.760851,1.314318,13
24278565.000000,0.763238,1.310207,13
24173462.000000,0.761735,1.312793,13
24281487.000000,0.762623,1.311264,13
24952860.000000,0.766639,1.304395,13
24281859.000000,0.762249,1.311907,13
24955062.000000,0.763274,1.310145,13
22739838.000000,0.768249,1.301661,13
24171703.000000,0.761452,1.313280,13
24175767.000000,0.761568,1.313080,13
23479871.000000,0.766159,1.305212,13
24957739.000000,0.765289,1.306696,13
23483319.000000,0.767108,1.303597,13
23481418.000000,0.766271,1.305021,13
24956993.000000,0.761972,1.312383,13
24276530.000000,0.762763,1.311023,13
24955032.000000,0.762982,1.310647,13
24177268.000000,0.761687,1.312876,13
24171771.000000,0.764290,1.308403,13
24953013.000000,0.764163,1.308621,13
22735918.000000,0.767761,1.302488,13
24955149.000000,0.763444,1.309853,13
24284230.000000,0.762434,1.311589,13
24280741.000000,0.762385,1.311673,13
24957050.000000,0.763152,1.310354,13
24277718.000000,0.763970,1.308951,13
24953094.000000,0.763501,1.309757,13
24952035.000000,0.765385,1.306532,13
24953747.000000,0.761383,1.313399,13
24277502.000000,0.764816,1.307504,13
24959835.000000,0.763566,1.309645,13
24952182.000000,0.764134,1.308671,13
24956962.000000,0.764209,1.308543,13
24955008.000000,0.764267,1.308443,13
24957939.000000,0.762022,1.312299,13
24957648.000000,0.763041,1.310546,13
24952706.000000,0.764021,1.308865,13
24955000.000000,0.763803,1.309238,13
24955216.000000,0.763006,1.310605,13
24955362.000000,0.763912,1.309052,13
24957162.000000,0.761972,1.312384,13
24960819.000000,0.762201,1.311990,13
24952860.000000,0.764727,1.307656,13
23487889.000000,0.766956,1.303856,13
23510592.000000,0.761676,1.312894,13
23487218.000000,0.769501,1.299543,13
24164213.000000,0.764308,1.308374,13
24276316.000000,0.762158,1.312064,13
24277922.000000,0.763595,1.309595,13
24276088.000000,0.765064,1.307079,13
24282650.000000,0.763574,1.309631,13
24280666.000000,0.762130,1.312112,13
24955062.000000,0.763500,1.309758,13
23491038.000000,0.766913,1.303928,13
24955006.000000,0.765271,1.306727,13
24953970.000000,0.763534,1.309699,13
24959599.000000,0.763518,1.309727,13
24956007.000000,0.762613,1.311282,13
24957757.000000,0.762529,1.311426,13
23489336.000000,0.766430,1.304751,13
23489804.000000,0.767440,1.303034,13
24955215.000000,0.764711,1.307684,13
24959403.000000,0.760347,1.315189,13
24961177.000000,0.759077,1.317389,13
24953013.000000,0.764518,1.308014,13
24963453.000000,0.759531,1.316603,13
24165311.000000,0.762111,1.312145,13
24952894.000000,0.762539,1.311408,13
24957912.000000,0.763268,1.310155,13
24964035.000000,0.758199,1.318915,13
23512850.000000,0.761401,1.313369,13
24166277.000000,0.760132,1.315561,13
24165829.000000,0.757395,1.320315,13
10951879.000000,0.798675,1.252074,15
24282338.000000,0.762722,1.311094,13
24278585.000000,0.761784,1.312707,13
24283671.000000,0.758079,1.319123,13
24961186.000000,0.760531,1.314871,13
24961501.000000,0.761540,1.313129,13
24959149.000000,0.760585,1.314777,13
24966880.000000,0.757813,1.319586,13
24959535.000000,0.762544,1.311401,13
24958955.000000,0.763339,1.310034,13
11601465.000000,0.751304,1.331020,15
11878450.000000,0.788991,1.267442,15
11880443.000000,0.790573,1.264906,15
11627427.000000,0.760602,1.314748,15
11600121.000000,0.721318,1.386351,16
11906482.000000,0.758241,1.318842,15
11236754.000000,0.780202,1.281719,15
11237055.000000,0.788224,1.268674,15
11236457.000000,0.784053,1.275423,15
11629203.000000,0.758678,1.318083,15
11877792.000000,0.723913,1.381382,16
11236457.000000,0.783569,1.276212,15
10966028.000000,0.777677,1.285881,15
11906839.000000,0.759539,1.316588,15
11882000.000000,0.721654,1.385705,16
11236607.000000,0.779579,1.282743,15
11237347.000000,0.776508,1.287816,15
11630225.000000,0.761531,1.313145,15
11904993.000000,0.770052,1.298614,15
11906119.000000,0.765107,1.307008,15
11905947.000000,0.766579,1.304497,15
11906106.000000,0.758809,1.317855,15
11909208.000000,0.759170,1.317229,15
11907884.000000,0.757741,1.319712,15
11908308.000000,0.754553,1.325287,15
11904838.000000,0.758769,1.317923,15
11905294.000000,0.762449,1.311563,15
11905634.000000,0.757593,1.319971,15
12193708.000000,0.762688,1.311152,15
12190773.000000,0.767162,1.303506,15
11909355.000000,0.754524,1.325339,15
12189943.000000,0.765122,1.306982,15
12190773.000000,0.768022,1.302047,15
11904846.000000,0.757778,1.319647,15
12191941.000000,0.764626,1.307828,15
12189500.000000,0.766716,1.304265,15
12190459.000000,0.770029,1.298652,15
12190556.000000,0.770573,1.297735,15
12190517.000000,0.766529,1.304583,15
11906633.000000,0.755116,1.324299,15
12192536.000000,0.766401,1.304801,15
12189647.000000,0.764741,1.307632,15
11907634.000000,0.756532,1.321822,15
12190907.000000,0.765546,1.306257,15
12189500.000000,0.764537,1.307981,15
12189503.000000,0.773565,1.292716,15
11905177.000000,0.764866,1.307419,15
12190588.000000,0.765246,1.306770,15
12192753.000000,0.763514,1.309734,15
12190760.000000,0.769585,1.299401,15
12189647.000000,0.765906,1.305643,15
12189500.000000,0.765911,1.305635,15
12192886.000000,0.764450,1.308130,15
12191493.000000,0.772958,1.293732,15
12190619.000000,0.766732,1.304237,15
12192786.000000,0.762201,1.311991,15
11908014.000000,0.763335,1.310040,15
12192452.000000,0.764327,1.308341,15
11627276.000000,0.758713,1.318021,15
10968731.000000,0.778444,1.284613,15
11906868.000000,0.761738,1.312788,15
11908102.000000,0.757141,1.320759,15
11601240.000000,0.724345,1.380557,16
11627574.000000,0.763973,1.308947,15
11905875.000000,0.757990,1.319278,15
11905821.000000,0.759486,1.316680,15
11908420.000000,0.754409,1.325540,15
11907074.000000,0.758480,1.318427,15
11908692.000000,0.756829,1.321302,15
11906692.000000,0.760774,1.314452,15
11627574.000000,0.758939,1.317629,15
11909192.000000,0.762203,1.311987,15
11906911.000000,0.757873,1.319483,15
11907945.000000,0.755177,1.324193,15
11238514.000000,0.779115,1.283508,15
12189804.000000,0.775718,1.289129,15
12192019.000000,0.768515,1.301211,15
12190164.000000,0.764181,1.308590,15
12191698.000000,0.764185,1.308583,15
10953156.000000,0.801345,1.247901,15
11238661.000000,0.777269,1.286557,15
11241816.000000,0.782067,1.278663,15
11239695.000000,0.780876,1.280613,15
11240868.000000,0.781456,1.279663,15
11240510.000000,0.782313,1.278261,15
11603363.000000,0.784991,1.273900,15
11908427.000000,0.759368,1.316884,15
11905297.000000,0.762264,1.311881,15
11877641.000000,0.787590,1.269695,15
12192892.000000,0.762693,1.311144,15
11906914.000000,0.760350,1.315184,15
12191702.000000,0.763395,1.309938,15
12190507.000000,0.771697,1.295846,15
12189948.000000,0.764922,1.307323,15
11907290.000000,0.755814,1.323077,15
11906109.000000,0.759199,1.317178,15
11908246.000000,0.760587,1.314775,15
12190459.000000,0.774917,1.290461,15
12190134.000000,0.763459,1.309827,15
11907958.000000,0.760025,1.315745,15
11905294.000000,0.766113,1.305290,15
12190459.000000,0.771345,1.296436,15
11877491.000000,0.786001,1.272263,15
11877641.000000,0.787907,1.269185,15
11907641.000000,0.753905,1.326427,15
12192687.000000,0.772464,1.294558,15
11601164.000000,0.756439,1.321983,15
11877491.000000,0.784973,1.273930,15
12189803.000000,0.765280,1.306711,15
12194231.000000,0.762818,1.310928,15
12190609.000000,0.765072,1.307066,15
11906269.000000,0.757540,1.320061,15
12189650.000000,0.764325,1.308344,15
12192455.000000,0.767529,1.302882,15
11905231.000000,0.762379,1.311684,15
12189801.000000,0.766054,1.305392,15
11908890.000000,0.765650,1.306080,15
11906122.000000,0.763062,1.310510,15
11907801.000000,0.749884,1.333540,15
12192821.000000,0.770856,1.297259,15
11603209.000000,0.723939,1.381331,16
12193345.000000,0.763726,1.309370,15
12189981.000000,0.765045,1.307112,15
12191199.000000,0.767833,1.302367,15
11906839.000000,0.753927,1.326389,15
12192585.000000,0.769021,1.300355,15
12192838.000000,0.760687,1.314601,15
284836160.000000,0.830378,1.204271,6
288334214.000000,0.841649,1.188144,6
288340525.000000,0.841802,1.187928,6
288359004.000000,0.841042,1.189001,6
284245978.000000,0.828451,1.207072,6
288395361.000000,0.840186,1.190213,6
288371023.000000,0.839314,1.191449,6
288385113.000000,0.839062,1.191808,6
287736321.000000,0.829837,1.205056,6
290789972.000000,0.836536,1.195406,6
290797649.000000,0.836557,1.195375,6
290787365.000000,0.837449,1.194102,6
286983035.000000,0.819828,1.219768,6
290842968.000000,0.834326,1.198573,6
290845532.000000,0.833671,1.199514,6
290854099.000000,0.833136,1.200285,6
295595222.000000,0.829957,1.204882,6
295604083.000000,0.828601,1.206853,6
298803591.000000,0.837611,1.193872,6
298818581.000000,0.837951,1.193388,6
298811605.000000,0.836919,1.194858,6
295649274.000000,0.826250,1.210287,6
298812971.000000,0.837250,1.194386,6
298789878.000000,0.837074,1.194637,6
298789875.000000,0.836870,1.194928,6
298801731.000000,0.836600,1.195314,6
295680407.000000,0.825591,1.211253,6
298789622.000000,0.836752,1.195097,6
298829320.000000,0.836458,1.195517,6
294830154.000000,0.823718,1.214007,6
298795143.000000,0.838177,1.193066,6
298796203.000000,0.835672,1.196642,6
294853158.000000,0.823746,1.213967,6
298790997.000000,0.834718,1.198009,6
298815348.000000,0.836092,1.196041,6
294842997.000000,0.823557,1.214245,6
298855374.000000,0.836564,1.195366,6
298823139.000000,0.836572,1.195354,6
298849073.000000,0.834447,1.198398,6
298850008.000000,0.835783,1.196483,6
298846375.000000,0.835170,1.197361,6
298847533.000000,0.836227,1.195847,6
298824553.000000,0.835856,1.196378,6
294845603.000000,0.822632,1.215610,6
298863312.000000,0.833176,1.200227,6
298850282.000000,0.834669,1.198079,6
298861584.000000,0.833772,1.199369,6
298849945.000000,0.831446,1.202724,6
285097805.000000,0.830193,1.204539,6
284303256.000000,0.825414,1.211514,6
288442567.000000,0.836306,1.195735,6
288475202.000000,0.837634,1.193839,6
288440435.000000,0.837838,1.193548,6
288468836.000000,0.836410,1.195586,6
288498472.000000,0.835705,1.196595,6
290808932.000000,0.836187,1.195904,6
290818657.000000,0.836733,1.195125,6
288479701.000000,0.835843,1.196397,6
287777778.000000,0.825888,1.210817,6
287744582.000000,0.828891,1.206431,6
290810104.000000,0.835625,1.196710,6
290790440.000000,0.835319,1.197148,6
290790004.000000,0.837496,1.194036,6
286969671.000000,0.819418,1.220379,6
290787070.000000,0.836523,1.195425,6
290808466.000000,0.836384,1.195623,6
290844212.000000,0.835569,1.196790,6
290792431.000000,0.836248,1.195817,6
290837376.000000,0.833654,1.199539,6
286930011.000000,0.820540,1.218710,6
290810801.000000,0.835314,1.197154,6
290811162.000000,0.835198,1.197321,6
290832568.000000,0.833781,1.199355,6
290841605.000000,0.834059,1.198956,6
290841757.000000,0.835264,1.197227,6
286937531.000000,0.820212,1.219197,6
290850011.000000,0.834454,1.198389,6
290812904.000000,0.836704,1.195165,6
290796290.000000,0.836263,1.195795,6
287765745.000000,0.825928,1.210759,6
290851236.000000,0.832797,1.200773,6
286969673.000000,0.818915,1.221127,6
290840185.000000,0.834168,1.198800,6
290823873.000000,0.834597,1.198183,6
290848439.000000,0.833866,1.199234,6
287003357.000000,0.820549,1.218696,6
290823462.000000,0.834741,1.197977,6
290856430.000000,0.830692,1.203816,6
287757895.000000,0.829242,1.205921,6
290786780.000000,0.837382,1.194198,6
290788261.000000,0.836572,1.195355,6
287725382.000000,0.827081,1.209072,6
290788132.000000,0.836313,1.195725,6
290844684.000000,0.834410,1.198452,6
290821096.000000,0.834910,1.197734,6
290843765.000000,0.834887,1.197767,6
298816570.000000,0.835952,1.196241,6
298818741.000000,0.837307,1.194305,6
298814726.000000,0.836481,1.195484,6
298794903.000000,0.836426,1.195563,6
294889677.000000,0.824329,1.213108,6
298820140.000000,0.836995,1.194751,6
294841185.000000,0.822223,1.216215,6
298791806.000000,0.835960,1.196230,6
298813057.000000,0.834955,1.197670,6
295677999.000000,0.826019,1.210626,6
298795167.000000,0.835345,1.197110,6
298848409.000000,0.835071,1.197503,6
298815652.000000,0.834881,1.197775,6
298824510.000000,0.835227,1.197280,6
298857371.000000,0.835187,1.197337,6
298825342.000000,0.834364,1.198518,6
294879162.000000,0.821057,1.217942,6
294926649.000000,0.821687,1.217009,6
298842974.000000,0.834196,1.198759,6
298850583.000000,0.833619,1.199589,6
298792599.000000,0.835766,1.196507,6
295572824.000000,0.827150,1.208970,6
298848428.000000,0.834856,1.197811,6
298790450.000000,0.836448,1.195531,6
298807595.000000,0.836579,1.195344,6
295651821.000000,0.825986,1.210674,6
298817989.000000,0.835115,1.197440,6
298851080.000000,0.831673,1.202396,6
295660856.000000,0.826749,1.209557,6
298858822.000000,0.834566,1.198228,6
298857418.000000,0.834042,1.198981,6
298852865.000000,0.832264,1.201542,6
57695321.000000,0.862129,1.159919,12
57242401.000000,0.860245,1.162459,12
60309093.000000,0.862188,1.159840,12
60302451.000000,0.865361,1.155587,12
60306982.000000,0.857694,1.165917,12
60314869.000000,0.854868,1.169771,12
60318308.000000,0.862136,1.159910,12
60308514.000000,0.859306,1.163729,12
62080065.000000,0.857912,1.165621,12
62563637.000000,0.858796,1.164421,12
62084471.000000,0.852152,1.173500,12
62575189.000000,0.857307,1.166443,12
62573934.000000,0.857176,1.166622,12
62570959.000000,0.857383,1.166339,12
62078141.000000,0.857002,1.166859,12
62112540.000000,0.853978,1.170990,12
65387361.000000,0.860131,1.162614,12
65392696.000000,0.857907,1.165628,12
65387282.000000,0.857990,1.165515,12
65386351.000000,0.857477,1.166213,12
65387261.000000,0.857812,1.165756,12
65386122.000000,0.857582,1.166070,12
65391947.000000,0.853165,1.172107,12
65395474.000000,0.855497,1.168911,12
65381474.000000,0.860437,1.162201,12
65380673.000000,0.861088,1.161321,12
65386332.000000,0.857615,1.166024,12
65393027.000000,0.858170,1.165271,12
65393812.000000,0.854785,1.169884,12
60514771.000000,0.859831,1.163020,12
65390719.000000,0.851343,1.174615,12
65387755.000000,0.857874,1.165673,12
65394708.000000,0.853372,1.171822,12
65387803.000000,0.852846,1.172544,12
65392831.000000,0.856460,1.167597,12
65400953.000000,0.853263,1.171972,12
65388122.000000,0.854744,1.169941,12
65390838.000000,0.855604,1.168765,12
65391793.000000,0.859461,1.163520,12
65394638.000000,0.855048,1.169526,12
65403389.000000,0.857493,1.166190,12
60501886.000000,0.865942,1.154812,12
60507564.000000,0.863500,1.158078,12
60977319.000000,0.858161,1.165282,12
60978022.000000,0.860189,1.162535,12
60982049.000000,0.858215,1.165209,12
60501405.000000,0.860856,1.161635,12
63723985.000000,0.856146,1.168025,12
60497658.000000,0.863449,1.158146,12
57253417.000000,0.861151,1.161237,12
60989960.000000,0.860228,1.162483,12
63737041.000000,0.855555,1.168832,12
63733383.000000,0.854746,1.169938,12
63727618.000000,0.858793,1.164424,12
63734906.000000,0.854551,1.170205,12
63737041.000000,0.855468,1.168951,12
63724349.000000,0.852648,1.172817,12
57714312.000000,0.857811,1.165758,12
63734868.000000,0.850804,1.175359,12
63735634.000000,0.851272,1.174713,12
63735503.000000,0.855889,1.168376,12
63743110.000000,0.849495,1.177170,12
63735148.000000,0.855785,1.168518,12
63734715.000000,0.856769,1.167176,12
63723985.000000,0.851718,1.174098,12
63730402.000000,0.854785,1.169884,12
63741013.000000,0.847904,1.179379,12
63734713.000000,0.852284,1.173317,12
63735634.000000,0.849868,1.176653,12
63737152.000000,0.850919,1.175200,12
63730789.000000,0.849426,1.177266,12
63729442.000000,0.858355,1.165019,12
60981997.000000,0.859597,1.163336,12
63741357.000000,0.852609,1.172870,12
63730610.000000,0.857846,1.165710,12
60327853.000000,0.858435,1.164911,12
60332407.000000,0.858160,1.165283,12
63736499.000000,0.854015,1.170939,12
63724145.000000,0.859109,1.163997,12
63728802.000000,0.853920,1.171071,12
60332365.000000,0.852288,1.173312,12
60336809.000000,0.852869,1.172513,12
63736117.000000,0.852032,1.173664,12
60330688.000000,0.854070,1.170864,12
63730821.000000,0.855433,1.168998,12
63724063.000000,0.852449,1.173090,12
60339382.000000,0.852106,1.173562,12
62080057.000000,0.856396,1.167684,12
60518379.000000,0.857294,1.166460,12
63741808.000000,0.848588,1.178428,12
62080080.000000,0.859289,1.163752,12
62080298.000000,0.857936,1.165588,12
62078236.000000,0.857971,1.165540,12
63735278.000000,0.859148,1.163944,12
63735215.000000,0.854673,1.170038,12
65386493.000000,0.860363,1.162300,12
65391756.000000,0.859525,1.163433,12
65388704.000000,0.860653,1.161909,12
65396021.000000,0.858431,1.164916,12
65387364.000000,0.858701,1.164550,12
65385515.000000,0.861146,1.161243,12
65392230.000000,0.858838,1.164363,12
65389485.000000,0.860636,1.161931,12
62564797.000000,0.856670,1.167311,12
65388079.000000,0.859062,1.164060,12
63730905.000000,0.854377,1.170443,12
65386250.000000,0.861236,1.161122,12
65384796.000000,0.861516,1.160745,12
65393871.000000,0.858958,1.164202,12
65395271.000000,0.857895,1.165644,12
63730121.000000,0.855630,1.168729,12
62563334.000000,0.856121,1.168059,12
65387422.000000,0.860417,1.162227,12
65393147.000000,0.855429,1.169004,12
60975986.000000,0.862043,1.160035,12
65383197.000000,0.861092,1.161316,12
65394397.000000,0.858583,1.164710,12
62569236.000000,0.854712,1.169985,12
65386209.000000,0.857544,1.166121,12
65392260.000000,0.857822,1.165744,12
65400248.000000,0.855113,1.169436,12
62563285.000000,0.856154,1.168014,12
63734693.000000,0.858897,1.164284,12
65386668.000000,0.857341,1.166397,12
65410512.000000,0.858494,1.164830,12
63757033.000000,0.851820,1.173956,12
65392115.000000,0.859561,1.163384,12
65391947.000000,0.859074,1.164044,12
436735014.000000,0.728458,1.372762,7
437594320.000000,0.731701,1.366679,7
438572990.000000,0.732273,1.365611,7
437618939.000000,0.730461,1.368998,7
440604076.000000,0.725202,1.378926,7
439300036.000000,0.731727,1.366630,7
439641951.000000,0.732184,1.365777,7
438802066.000000,0.729471,1.370857,7
440686781.000000,0.730775,1.368411,7
441280505.000000,0.729191,1.371382,7
443769495.000000,0.728035,1.373560,7
439524434.000000,0.731949,1.366216,7
438544968.000000,0.733272,1.363750,7
453430039.000000,0.733859,1.362660,7
451962091.000000,0.731617,1.366835,7
446249239.000000,0.730405,1.369103,7
452314190.000000,0.730537,1.368856,7
450336429.000000,0.734945,1.360646,7
453016569.000000,0.730880,1.368213,7
454979887.000000,0.733812,1.362747,7
445502855.000000,0.725803,1.377784,7
445816877.000000,0.726350,1.376747,7
445701738.000000,0.728154,1.373337,7
435419388.000000,0.726530,1.376405,7
436004046.000000,0.726798,1.375898,7
452946230.000000,0.727932,1.373754,7
456073211.000000,0.731597,1.366873,7
456191146.000000,0.731186,1.367641,7
445279471.000000,0.726630,1.376216,7
457182063.000000,0.730294,1.369312,7
452708001.000000,0.723461,1.382244,7
457211531.000000,0.730580,1.368775,7
447475047.000000,0.726339,1.376767,7
436226577.000000,0.723514,1.382143,7
445657156.000000,0.726705,1.376074,7
457219951.000000,0.730663,1.368620,7
457663655.000000,0.729305,1.371169,7
452811925.000000,0.729640,1.370540,7
445346200.000000,0.724041,1.381137,7
458488142.000000,0.731032,1.367929,7
456200166.000000,0.729821,1.370200,7
457224399.000000,0.725055,1.379206,7
451849340.000000,0.726390,1.376670,7
445989057.000000,0.727842,1.373925,7
449742191.000000,0.726179,1.377072,7
461830189.000000,0.731072,1.367854,7
454825408.000000,0.719437,1.389976,7
452016225.000000,0.728136,1.373371,7
456627520.000000,0.721014,1.386936,7
456619275.000000,0.721906,1.385222,7
457552436.000000,0.723322,1.382509,7
457730070.000000,0.728783,1.372151,7
457777396.000000,0.728260,1.373137,7
441449616.000000,0.720027,1.388836,7
453280978.000000,0.734080,1.362249,7
446564158.000000,0.725731,1.377922,7
451576582.000000,0.728027,1.373576,7
445912920.000000,0.727077,1.375370,7
445574144.000000,0.724614,1.380044,7
461975168.000000,0.723494,1.382181,7
452512986.000000,0.728735,1.372240,7
445869693.000000,0.724609,1.380055,7
462782640.000000,0.725240,1.378855,7
463277096.000000,0.723557,1.382060,7
463025974.000000,0.723022,1.383083,7
453685253.000000,0.728406,1.372862,7
456451057.000000,0.728609,1.372477,7
462916654.000000,0.722737,1.383630,7
462440923.000000,0.725063,1.379191,7
456307269.000000,0.729294,1.371189,7
453504505.000000,0.727608,1.374366,7
467516007.000000,0.728003,1.373620,7
471424504.000000,0.727415,1.374732,7
452618197.000000,0.728909,1.371914,7
446113254.000000,0.721285,1.386414,7
471954731.000000,0.726258,1.376920,7
463303917.000000,0.721719,1.385581,7
452204852.000000,0.729277,1.371221,7
463747870.000000,0.720896,1.387163,7
472889295.000000,0.725857,1.377682,7
453743804.000000,0.729002,1.371739,7
474024023.000000,0.726564,1.376342,7
462816483.000000,0.723929,1.381352,7
15843593.000000,0.903649,1.106624,14
462830886.000000,0.724591,1.380088,7
473856904.000000,0.726410,1.376632,7
463371892.000000,0.722848,1.383416,7
474320918.000000,0.727108,1.375312,7
474204060.000000,0.725417,1.378518,7
16947101.000000,0.896001,1.116070,14
457826123.000000,0.726687,1.376109,7
453905546.000000,0.726356,1.376735,7
16286135.000000,0.896314,1.115680,14
473495217.000000,0.724589,1.380094,7
457929557.000000,0.719087,1.390652,7
463780592.000000,0.722199,1.384661,7
460540755.000000,0.726568,1.376333,7
455241041.000000,0.714714,1.399160,7
454048076.000000,0.728016,1.373596,7
458169337.000000,0.726626,1.376224,7
453929881.000000,0.726138,1.377148,7
475175734.000000,0.725083,1.379152,7
463830930.000000,0.728386,1.372898,7
475158853.000000,0.724148,1.380932,7
458863704.000000,0.719747,1.389376,7
469992880.000000,0.721831,1.385366,7
458393618.000000,0.726307,1.376829,7
461941408.000000,0.724864,1.379570,7
461925074.000000,0.725880,1.377638,7
462222923.000000,0.725738,1.377907,7
459033120.000000,0.727584,1.374412,7
457910630.000000,0.726284,1.376872,7
458946038.000000,0.725272,1.378792,7
474749451.000000,0.721871,1.385288,7
462064206.000000,0.723534,1.382105,7
471330251.000000,0.724537,1.380192,7
463806187.000000,0.722009,1.385024,7
461943033.000000,0.723625,1.381931,7
468892657.000000,0.725293,1.378753,7
463649054.000000,0.722139,1.384776,7
473192066.000000,0.722786,1.383535,7
474521212.000000,0.724766,1.379756,7
468105176.000000,0.727737,1.374123,7
16272793.000000,0.887450,1.126825,14
16005733.000000,0.903689,1.106575,14
16006613.000000,0.899752,1.111417,14
16650225.000000,0.879889,1.136507,14
473580028.000000,0.722687,1.383724,7
16650309.000000,0.883725,1.131574,14
475249537.000000,0.722465,1.384150,7
16273553.000000,0.884760,1.130250,14
17113915.000000,0.884629,1.130417,14
17114869.000000,0.877845,1.139154,14
16730468.000000,0.878834,1.137871,14
475632603.000000,0.722214,1.384631,7
17116772.000000,0.873117,1.145322,14
474365283.000000,0.723624,1.381934,7
16007363.000000,0.902275,1.108310,14
16005733.000000,0.897184,1.114599,14
15635720.000000,0.891608,1.121569,14
16007664.000000,0.896431,1.115535,14
16009123.000000,0.893544,1.119139,14
476084621.000000,0.723677,1.381832,7
16487079.000000,0.894570,1.117856,14
475905149.000000,0.723908,1.381391,7
17115908.000000,0.878682,1.138068,14
16733989.000000,0.880997,1.135078,14
17112580.000000,0.878831,1.137875,14
16483551.000000,0.898163,1.113384,14
15847852.000000,0.893736,1.118899,14
16735489.000000,0.875251,1.142529,14
16731144.000000,0.878540,1.138252,14
17112949.000000,0.884152,1.131027,14
17112426.000000,0.884285,1.130857,14
16943628.000000,0.892976,1.119851,14
16944139.000000,0.884786,1.130216,14
17115143.000000,0.877429,1.139693,14
17117141.000000,0.872917,1.145585,14
16016730.000000,0.892149,1.120889,14
16014852.000000,0.878687,1.138062,14
16947297.000000,0.876806,1.140503,14
475024740.000000,0.721482,1.386036,7
16283998.000000,0.875795,1.141819,14
16650971.000000,0.876947,1.140320,14
472707479.000000,0.726097,1.377227,7
16656741.000000,0.876191,1.141304,14
16945771.000000,0.879054,1.137587,14
17113555.000000,0.884966,1.129987,14
17115000.000000,0.875904,1.141677,14
16651113.000000,0.874721,1.143222,14
16649058.000000,0.879252,1.137331,14
16651731.000000,0.875913,1.141666,14
16652002.000000,0.879289,1.137282,14
16648465.000000,0.883018,1.132479,14
16653111.000000,0.877975,1.138984,14
17112727.000000,0.880146,1.136175,14
17114631.000000,0.881227,1.134781,14
16650248.000000,0.867197,1.153141,14
17116925.000000,0.876902,1.140379,14
17113251.000000,0.886971,1.127433,14
17113795.000000,0.876563,1.140820,14
17116359.000000,0.876686,1.140659,14
16652810.000000,0.867524,1.152706,14
16653474.000000,0.866169,1.154510,14
17117712.000000,0.877395,1.139738,14
16652752.000000,0.865903,1.154864,14
17116862.000000,0.882829,1.132722,14
17115958.000000,0.876024,1.141521,14
17117141.000000,0.870874,1.148272,14
17113852.000000,0.872042,1.146734,14
17113915.000000,0.872771,1.145775,14
17116901.000000,0.867833,1.152296,14
17115866.000000,0.866473,1.154105,14
17116840.000000,0.871764,1.147100,14
16486663.000000,0.892625,1.120292,14
16649645.000000,0.881676,1.134203,14
16650030.000000,0.878829,1.137878,14
16488107.000000,0.899302,1.111973,14
16649708.000000,0.879471,1.137047,14
16653030.000000,0.862710,1.159138,14
16649440.000000,0.864188,1.157155,14
16655506.000000,0.876577,1.140802,14
16648468.000000,0.880423,1.135817,14
16682397.000000,0.867141,1.153215,14
16651121.000000,0.870262,1.149079,14
16651734.000000,0.864648,1.156540,14
16270525.000000,0.889500,1.124227,14
16650971.000000,0.882166,1.133573,14
15642804.000000,0.893225,1.119538,14
16652663.000000,0.875604,1.142069,14
16019348.000000,0.869351,1.150283,14
16017293.000000,0.886794,1.127657,14
16015821.000000,0.877623,1.139441,14
16014933.000000,0.874812,1.143103,14
16283533.000000,0.887186,1.127160,14
16733159.000000,0.876332,1.141120,14
16734326.000000,0.876328,1.141125,14
16733078.000000,0.876150,1.141357,14
16732098.000000,0.877760,1.139264,14
17113335.000000,0.867203,1.153132,14
16651701.000000,0.883847,1.131417,14
17113659.000000,0.881198,1.134819,14
16652663.000000,0.878010,1.138939,14
17117154.000000,0.880197,1.136110,14
17114869.000000,0.884325,1.130806,14
17115580.000000,0.877294,1.139869,14
16488587.000000,0.889412,1.124339,14
17113460.000000,0.877551,1.139534,14
17113552.000000,0.878729,1.138008,14
17117871.000000,0.863579,1.157972,14
17115545.000000,0.879574,1.136914,14
17114631.000000,0.878665,1.138090,14
16649584.000000,0.881563,1.134349,14
16652094.000000,0.877026,1.140217,14
16947481.000000,0.877270,1.139900,14
16484731.000000,0.892128,1.120915,14
17114835.000000,0.876811,1.140497,14
17114869.000000,0.880233,1.136063,14
16946069.000000,0.888863,1.125033,14
17115244.000000,0.879253,1.137330,14
16649806.000000,0.884383,1.130732,14
16648615.000000,0.878798,1.137918,14
16649440.000000,0.876207,1.141283,14
16653114.000000,0.872625,1.145968,14
17113855.000000,0.876357,1.141088,14
17117081.000000,0.879542,1.136956,14
17113398.000000,0.875457,1.142260,14
16650759.000000,0.877605,1.139465,14
17114785.000000,0.877163,1.140039,14
17113398.000000,0.879469,1.137049,14
16652945.000000,0.876954,1.140311,14
17117147.000000,0.870245,1.149102,14
16944779.000000,0.879643,1.136824,14
17115669.000000,0.875479,1.142232,14
17117060.000000,0.874399,1.143642,14
17116477.000000,0.874852,1.143051,14
226131124.000000,0.721244,1.386494,5
231783000.000000,0.715167,1.398275,5
225630977.000000,0.706804,1.414819,5
227306485.000000,0.720646,1.387644,5
235702544.000000,0.713503,1.401535,5
232179094.000000,0.720583,1.387765,5
232868093.000000,0.714375,1.399825,5
235134021.000000,0.721431,1.386135,5
237975844.000000,0.713759,1.401033,5
230597572.000000,0.701636,1.425240,5
240251095.000000,0.706099,1.416232,5
237413101.000000,0.717977,1.392802,5
230445578.000000,0.709386,1.409670,5
232402192.000000,0.709989,1.408472,5
240554766.000000,0.709516,1.409411,5
240808572.000000,0.718496,1.391797,5
236762538.000000,0.712901,1.402720,5
232258983.000000,0.723973,1.381266,5
244268925.000000,0.705025,1.418390,5
244006037.000000,0.702927,1.422623,5
239469763.000000,0.712053,1.404389,5
241475280.000000,0.711670,1.405145,5
247931912.000000,0.703651,1.421158,5
234839151.000000,0.718137,1.392493,5
233747103.000000,0.716071,1.396510,5
233335001.000000,0.714549,1.399483,5
235522193.000000,0.713744,1.401062,5
239278989.000000,0.711914,1.404665,5
235926169.000000,0.707037,1.414352,5
239101268.000000,0.714404,1.399769,5
247239339.000000,0.704667,1.419110,5
243913802.000000,0.709317,1.409806,5
250847848.000000,0.712330,1.403845,5
249150154.000000,0.705112,1.418215,5
250079298.000000,0.708882,1.410672,5
236424291.000000,0.707102,1.414223,5
255652212.000000,0.697570,1.433548,5
240007141.000000,0.709027,1.410383,5
240503156.000000,0.712247,1.404008,5
252160043.000000,0.707999,1.412432,5
252001901.000000,0.708138,1.412155,5
253444468.000000,0.705089,1.418261,5
248407823.000000,0.703568,1.421328,5
253593962.000000,0.704500,1.419447,5
253715263.000000,0.702033,1.424435,5
244512303.000000,0.711116,1.406241,5
245664880.000000,0.712974,1.402576,5
243616851.000000,0.706322,1.415785,5
243724457.000000,0.709566,1.409312,5
254556520.000000,0.703287,1.421895,5
254451698.000000,0.702673,1.423138,5
255161296.000000,0.704148,1.420155,5
254304565.000000,0.702575,1.423335,5
255011420.000000,0.702030,1.424441,5
255478369.000000,0.703827,1.420804,5
256719889.000000,0.705236,1.417964,5
245209969.000000,0.706628,1.415171,5
257112071.000000,0.703320,1.421827,5
255562992.000000,0.700570,1.427409,5
257188669.000000,0.705700,1.417033,5
257887718.000000,0.704093,1.420267,5
249631905.000000,0.709989,1.408473,5
247585384.000000,0.705366,1.417704,5
257773541.000000,0.700873,1.426792,5
245848455.000000,0.694422,1.440046,5
248528445.000000,0.704699,1.419046,5
255403452.000000,0.696690,1.435359,5
249320658.000000,0.705825,1.416782,5
260962080.000000,0.702791,1.422899,5
250430935.000000,0.703286,1.421897,5
258351205.000000,0.693320,1.442336,5
253300762.000000,0.700138,1.428290,5
254618863.000000,0.702115,1.424269,5
259841116.000000,0.697955,1.432757,5
256907716.000000,0.697896,1.432879,5
254279921.000000,0.699515,1.429561,5
261216392.000000,0.695407,1.438008,5
268157708.000000,0.686197,1.457307,5
254484294.000000,0.693736,1.441470,5
255730542.000000,0.697861,1.432950,5
262642615.000000,0.693166,1.442656,5
270778161.000000,0.687145,1.455297,5
258231499.000000,0.694266,1.440370,5
259694514.000000,0.699169,1.430269,5
263844873.000000,0.695157,1.438524,5
259576409.000000,0.695892,1.437004,5
258628110.000000,0.699846,1.428886,5
260004336.000000,0.695717,1.437366,5
259121299.000000,0.691817,1.445468,5
260169910.000000,0.698934,1.430750,5
261290267.000000,0.693394,1.442181,5
272103427.000000,0.689579,1.450160,5
262936986.000000,0.696809,1.435113,5
279171864.000000,0.690751,1.447700,5
273551123.000000,0.691379,1.446385,5
264224829.000000,0.696638,1.435466,5
266833099.000000,0.697349,1.434002,5
282029957.000000,0.689999,1.449277,5
265919367.000000,0.693539,1.441880,5
274919252.000000,0.688912,1.451563,5
278109982.000000,0.691941,1.445211,5
283980641.000000,0.690199,1.448858,5
269419420.000000,0.694258,1.440386,5
279667414.000000,0.690447,1.448336,5
270799149.000000,0.695866,1.437058,5
269525724.000000,0.693480,1.442002,5
268563838.000000,0.691809,1.445485,5
270008448.000000,0.695383,1.438056,5
266617500.000000,0.687897,1.453705,5
270884094.000000,0.692097,1.444884,5
272737612.000000,0.692838,1.443339,5
273671321.000000,0.692092,1.444895,5
271638557.000000,0.687211,1.455158,5
291856669.000000,0.688796,1.451808,5
274101574.000000,0.688999,1.451380,5
273157799.000000,0.691341,1.446464,5
287194520.000000,0.686172,1.457361,5
282214117.000000,0.686689,1.456263,5
275578700.000000,0.682714,1.464743,5
277231315.000000,0.690004,1.449266,5
278229479.000000,0.688772,1.451858,5
282217705.000000,0.687899,1.453702,5
281827078.000000,0.686777,1.456078,5
283767970.000000,0.684801,1.460279,5
285358187.000000,0.683328,1.463426,5
287701522.000000,0.682705,1.464762,5
287730929.000000,0.682690,1.464793,5
289324812.000000,0.684548,1.460819,5
145919574.000000,0.819636,1.220054,11
148046212.000000,0.825793,1.210958,11
148059857.000000,0.820877,1.218209,11
142917667.000000,0.827436,1.208553,11
143893776.000000,0.821333,1.217533,11
143903991.000000,0.818573,1.221638,11
142879922.000000,0.821575,1.217174,11
143906787.000000,0.825097,1.211979,11
143952631.000000,0.822184,1.216272,11
151884569.000000,0.821447,1.217363,11
151905125.000000,0.819408,1.220394,11
150817759.000000,0.821223,1.217697,11
151922419.000000,0.829702,1.205252,11
151919160.000000,0.823131,1.214873,11
151939429.000000,0.819470,1.220301,11
150795646.000000,0.820239,1.219158,11
150818526.000000,0.821673,1.217028,11
150814701.000000,0.822964,1.215120,11
151916211.000000,0.824103,1.213440,11
151917796.000000,0.826142,1.210446,11
151921527.000000,0.824743,1.212499,11
145926646.000000,0.820017,1.219486,11
151944839.000000,0.818037,1.222439,11
148050953.000000,0.822326,1.216063,11
148064552.000000,0.821098,1.217881,11
148012451.000000,0.824409,1.212990,11
148014002.000000,0.812228,1.231181,11
148032198.000000,0.815392,1.226404,11
148038566.000000,0.818295,1.222054,11
146955935.000000,0.824258,1.213212,11
145908027.000000,0.822305,1.216093,11
150822756.000000,0.824968,1.212169,11
148025152.000000,0.821312,1.217563,11
148062097.000000,0.819912,1.219642,11
141848777.000000,0.817981,1.222522,11
148050775.000000,0.822679,1.215542,11
148086532.000000,0.819110,1.220837,11
148045753.000000,0.825471,1.211430,11
145937865.000000,0.816662,1.224497,11
150834796.000000,0.817771,1.222836,11
148047845.000000,0.822195,1.216257,11
150852593.000000,0.821479,1.217316,11
145913832.000000,0.819708,1.219946,11
145921351.000000,0.818675,1.221486,11
143929137.000000,0.815512,1.226224,11
151921998.000000,0.811814,1.231809,11
148032286.000000,0.821523,1.217252,11
148013370.000000,0.820401,1.218916,11
148040314.000000,0.813136,1.229806,11
148067529.000000,0.817055,1.223907,11
148057553.000000,0.813570,1.229151,11
148017546.000000,0.811334,1.232537,11
148006838.000000,0.825398,1.211537,11
141813471.000000,0.815722,1.225908,11
149684820.000000,0.820996,1.218033,11
151924906.000000,0.826117,1.210482,11
143978976.000000,0.822892,1.215227,11
149685488.000000,0.824806,1.212407,11
151936848.000000,0.817131,1.223795,11
149707200.000000,0.820019,1.219485,11
151921271.000000,0.816305,1.225033,11
149729494.000000,0.818657,1.221512,11
151895902.000000,0.810685,1.233525,11
143914671.000000,0.813171,1.229754,11
151905522.000000,0.811357,1.232503,11
148030238.000000,0.820545,1.218702,11
151903914.000000,0.806808,1.239453,11
151908181.000000,0.822891,1.215228,11
150796666.000000,0.826613,1.209755,11
151945598.000000,0.813084,1.229885,11
148015464.000000,0.818365,1.221949,11
151887456.000000,0.822551,1.215730,11
143964803.000000,0.815573,1.226132,11
148015611.000000,0.823345,1.214557,11
149681915.000000,0.815620,1.226061,11
146993685.000000,0.821087,1.217897,11
143996828.000000,0.814206,1.228191,11
151905419.000000,0.811895,1.231687,11
148039849.000000,0.818123,1.222310,11
148008591.000000,0.824336,1.213097,11
148031460.000000,0.816430,1.224845,11
149711575.000000,0.815761,1.225849,11
149703797.000000,0.817075,1.223878,11
146970716.000000,0.833512,1.199743,11
151921090.000000,0.824274,1.213189,11
149714931.000000,0.812482,1.230796,11
151921715.000000,0.822225,1.216212,11
151945393.000000,0.816877,1.224174,11
151900462.000000,0.820476,1.218805,11
151883409.000000,0.816597,1.224595,11
151887329.000000,0.814153,1.228271,11
151913304.000000,0.819436,1.220352,11
143990594.000000,0.829407,1.205681,11
146988003.000000,0.822672,1.215552,11
146973795.000000,0.823876,1.213775,11
151921477.000000,0.813049,1.229938,11
151921656.000000,0.815936,1.225587,11
151875330.000000,0.820763,1.218379,11
151891748.000000,0.817636,1.223038,11
151887419.000000,0.820224,1.219180,11
144003845.000000,0.815343,1.226478,11
144007577.000000,0.818223,1.222160,11
151921794.000000,0.812871,1.230207,11
146984963.000000,0.817680,1.222972,11
148060037.000000,0.822204,1.216244,11
148045521.000000,0.822415,1.215931,11
151908102.000000,0.809858,1.234784,11
148029704.000000,0.819120,1.220823,11
148040427.000000,0.821652,1.217060,11
148040231.000000,0.820817,1.218299,11
151904910.000000,0.807939,1.237717,11
151905091.000000,0.807294,1.238707,11
148045743.000000,0.812842,1.230252,11
148055262.000000,0.824277,1.213184,11
148016329.000000,0.812853,1.230235,11
151943100.000000,0.823923,1.213706,11
148034586.000000,0.809685,1.235049,11
151947387.000000,0.813128,1.229819,11
151932466.000000,0.815383,1.226417,11
151952901.000000,0.827207,1.208888,11
151940259.000000,0.824421,1.212972,11
151931769.000000,0.814568,1.227645,11
151927610.000000,0.814927,1.227103,11
151889187.000000,0.813469,1.229303,11
151959887.000000,0.811279,1.232621,11
151953155.000000,0.812518,1.230742,11
151949060.000000,0.820552,1.218691,11
151905714.000000,0.816789,1.224307,11
202305632.000000,0.822673,1.215550,8
209185416.000000,0.831141,1.203165,8
209177647.000000,0.822963,1.215122,8
215624550.000000,0.819357,1.220469,8
200328826.000000,0.824879,1.212299,8
215579584.000000,0.826917,1.209312,8
222987703.000000,0.831930,1.202024,8
222952193.000000,0.833629,1.199574,8
215575852.000000,0.824188,1.213316,8
223000246.000000,0.829803,1.205106,8
225073898.000000,0.821739,1.216932,8
209198926.000000,0.828468,1.207047,8
209178202.000000,0.824137,1.213390,8
209201459.000000,0.824172,1.213339,8
209206188.000000,0.823057,1.214983,8
200450410.000000,0.816757,1.224355,8
225105321.000000,0.826802,1.209480,8
215614805.000000,0.823440,1.214418,8
215621829.000000,0.822890,1.215229,8
222981908.000000,0.826318,1.210188,8
209307319.000000,0.823620,1.214153,8
225097944.000000,0.825539,1.211329,8
202407838.000000,0.824374,1.213042,8
220781599.000000,0.825373,1.211573,8
230501780.000000,0.819178,1.220736,8
220788156.000000,0.821313,1.217563,8
230494810.000000,0.818423,1.221862,8
230535817.000000,0.814822,1.227262,8
230543764.000000,0.816379,1.224921,8
230504846.000000,0.814555,1.227664,8
220841998.000000,0.820116,1.219340,8
220818598.000000,0.819793,1.219820,8
225084948.000000,0.828977,1.206306,8
209303466.000000,0.830647,1.203881,8
225078542.000000,0.825208,1.211816,8
225062410.000000,0.825551,1.211313,8
230551903.000000,0.810208,1.234251,8
225064349.000000,0.824205,1.213290,8
225105456.000000,0.825072,1.212016,8
215581237.000000,0.824263,1.213205,8
217695901.000000,0.829880,1.204993,8
209340368.000000,0.828234,1.207388,8
217727710.000000,0.827381,1.208632,8
209299942.000000,0.831465,1.202696,8
217724132.000000,0.823294,1.214632,8
230513210.000000,0.815018,1.226967,8
230507001.000000,0.812329,1.231028,8
230501843.000000,0.817290,1.223555,8
209318052.000000,0.816794,1.224298,8
220812302.000000,0.822041,1.216485,8
209340155.000000,0.817080,1.223871,8
220814996.000000,0.821511,1.217269,8
220819017.000000,0.821999,1.216546,8
220794510.000000,0.819976,1.219547,8
217723405.000000,0.825084,1.211998,8
230548065.000000,0.815147,1.226772,8
230513101.000000,0.812409,1.230908,8
230502458.000000,0.812188,1.231242,8
230540720.000000,0.814532,1.227699,8
230515485.000000,0.814531,1.227701,8
230558171.000000,0.806763,1.239522,8
230545614.000000,0.811940,1.231618,8
230505756.000000,0.809617,1.235151,8
230554964.000000,0.808047,1.237552,8
230551770.000000,0.812689,1.230482,8
230548598.000000,0.812599,1.230620,8
230551568.000000,0.806215,1.240363,8
230540265.000000,0.810532,1.233758,8
230547835.000000,0.807832,1.237881,8
225074190.000000,0.826319,1.210186,8
230540112.000000,0.808821,1.236367,8
225065151.000000,0.824737,1.212508,8
225110217.000000,0.819850,1.219735,8
225078708.000000,0.827809,1.208008,8
225104578.000000,0.825135,1.211924,8
225099130.000000,0.824182,1.213324,8
225080654.000000,0.824002,1.213590,8
225104816.000000,0.823664,1.214087,8
225113111.000000,0.817997,1.222499,8
225080781.000000,0.819288,1.220572,8
225061569.000000,0.827776,1.208057,8
225074946.000000,0.818124,1.222309,8
225100251.000000,0.819212,1.220686,8
225068393.000000,0.816721,1.224408,8
225104999.000000,0.817377,1.223426,8
225068026.000000,0.825696,1.211099,8
217721818.000000,0.823660,1.214094,8
225073697.000000,0.821702,1.216986,8
222992571.000000,0.828788,1.206581,8
225071799.000000,0.827034,1.209141,8
222956138.000000,0.830265,1.204434,8
230512331.000000,0.815649,1.226018,8
225103585.000000,0.826075,1.210544,8
225097531.000000,0.818048,1.222422,8
230518045.000000,0.812608,1.230605,8
230509177.000000,0.812120,1.231345,8
230534738.000000,0.812247,1.231152,8
22734967.000000,0.765903,1.305648,13
225061663.000000,0.830008,1.204808,8
225099374.000000,0.820073,1.219404,8
225061893.000000,0.828068,1.207630,8
217702786.000000,0.826659,1.209688,8
225067455.000000,0.824693,1.212573,8
23479131.000000,0.768907,1.300548,13
225076820.000000,0.818042,1.222431,8
24159039.000000,0.765454,1.306414,13
24172133.000000,0.761135,1.313828,13
225123333.000000,0.819411,1.220390,8
230512878.000000,0.818593,1.221609,8
23518548.000000,0.759595,1.316492,13
23518637.000000,0.759803,1.316130,13
230550716.000000,0.814996,1.227000,8
24973662.000000,0.760067,1.315673,13
230534526.000000,0.815247,1.226622,8
230535139.000000,0.812951,1.230086,8
24278000.000000,0.765333,1.306621,13
23516477.000000,0.760556,1.314827,13
24956246.000000,0.763807,1.309231,13
222949236.000000,0.829883,1.204989,8
222978185.000000,0.824385,1.213026,8
230513891.000000,0.813561,1.229165,8
230521892.000000,0.817357,1.223456,8
230504123.000000,0.813223,1.229675,8
225102225.000000,0.827544,1.208394,8
230514070.000000,0.814667,1.227496,8
230540746.000000,0.816632,1.224542,8
230547122.000000,0.816549,1.224666,8
24164700.000000,0.763916,1.309045,13
230503370.000000,0.812473,1.230810,8
225089109.000000,0.824159,1.213358,8
230509730.000000,0.812002,1.231525,8
230535098.000000,0.814554,1.227666,8
230507549.000000,0.813508,1.229244,8
230510612.000000,0.814614,1.227575,8
230541159.000000,0.808275,1.237203,8
24953002.000000,0.765305,1.306669,13
23520235.000000,0.759467,1.316714,13
23481343.000000,0.766436,1.304740,13
22739204.000000,0.767476,1.302972,13
23483411.000000,0.764574,1.307918,13
24277802.000000,0.762249,1.311906,13
23479425.000000,0.768160,1.301813,13
24170873.000000,0.763557,1.309660,13
24171162.000000,0.763175,1.310316,13
24952860.000000,0.766730,1.304240,13
24176709.000000,0.762592,1.311318,13
24957055.000000,0.766300,1.304972,13
24174682.000000,0.762154,1.312071,13
23483480.000000,0.765385,1.306532,13
23485028.000000,0.764708,1.307689,13
24955216.000000,0.764903,1.307355,13
24958198.000000,0.762086,1.312187,13
24958901.000000,0.763742,1.309343,13
23516471.000000,0.760013,1.315767,13
24957139.000000,0.761249,1.313631,13
24955373.000000,0.764688,1.307723,13
24956993.000000,0.764501,1.308043,13
24953600.000000,0.765538,1.306271,13
24952944.000000,0.766092,1.305326,13
23509426.000000,0.762466,1.311534,13
24955386.000000,0.765228,1.306800,13
24953307.000000,0.762907,1.310776,13
23505069.000000,0.763180,1.310307,13
24957534.000000,0.762786,1.310984,13
24957241.000000,0.763938,1.309006,13
24957209.000000,0.761437,1.313307,13
24959195.000000,0.763620,1.309552,13
24278448.000000,0.762514,1.311451,13
24164122.000000,0.764196,1.308565,13
230514407.000000,0.812964,1.230067,8
24276467.000000,0.765499,1.306338,13
24279552.000000,0.763248,1.310190,13
230547637.000000,0.811962,1.231585,8
24952944.000000,0.764735,1.307642,13
24284136.000000,0.762387,1.311669,13
23509055.000000,0.760492,1.314938,13
24277502.000000,0.762223,1.311952,13
24281697.000000,0.762875,1.310831,13
24280289.000000,0.761641,1.312955,13
24282143.000000,0.762761,1.311027,13
24953307.000000,0.764762,1.307597,13
24277649.000000,0.764906,1.307350,13
24283543.000000,0.763900,1.309073,13
24280739.000000,0.762811,1.310941,13
24276530.000000,0.764095,1.308738,13
22747299.000000,0.767073,1.303657,13
24957055.000000,0.761719,1.312821,13
24278375.000000,0.761431,1.313317,13
24953154.000000,0.763587,1.309609,13
230545712.000000,0.815671,1.225984,8
24959479.000000,0.760177,1.315483,13
230540533.000000,0.813069,1.229908,8
24283549.000000,0.763620,1.309551,13
24282434.000000,0.762104,1.312157,13
24279704.000000,0.763661,1.309481,13
24276536.000000,0.765294,1.306688,13
24283234.000000,0.762555,1.311381,13
24174490.000000,0.760733,1.314522,13
23516618.000000,0.761329,1.313493,13
24176063.000000,0.761362,1.313435,13
24175876.000000,0.761892,1.312522,13
24173227.000000,0.763513,1.309735,13
23508892.000000,0.764626,1.307828,13
24278740.000000,0.763728,1.309367,13
24280447.000000,0.762756,1.311035,13
24276902.000000,0.762745,1.311055,13
24280453.000000,0.760905,1.314225,13
24278454.000000,0.764674,1.307747,13
23486093.000000,0.767923,1.302214,13
24276536.000000,0.763727,1.309368,13
24279501.000000,0.761774,1.312725,13
24280588.000000,0.761287,1.313566,13
24955559.000000,0.764324,1.308346,13
24955634.000000,0.762435,1.311587,13
24955068.000000,0.763505,1.309749,13
24953013.000000,0.763763,1.309307,13
22736814.000000,0.768458,1.301308,13
10950917.000000,0.795279,1.257421,15
23489379.000000,0.765760,1.305893,13
23487218.000000,0.770435,1.297968,13
23510803.000000,0.763281,1.310133,13
11236908.000000,0.781764,1.279159,15
24160947.000000,0.764247,1.308477,13
24277508.000000,0.764541,1.307974,13
23493116.000000,0.767511,1.302914,13
24962573.000000,0.761328,1.313494,13
23489049.000000,0.767572,1.302809,13
24276755.000000,0.764382,1.308246,13
11880891.000000,0.722890,1.383336,16
23491237.000000,0.764899,1.307363,13
24276746.000000,0.763891,1.309086,13
24956027.000000,0.762295,1.311829,13
24282374.000000,0.760256,1.315347,13
12189801.000000,0.768309,1.301559,15
11236241.000000,0.787079,1.270520,15
11235782.000000,0.786014,1.272241,15
24281850.000000,0.762021,1.312299,13
24954037.000000,0.764427,1.308169,13
24955702.000000,0.765061,1.307086,13
24954699.000000,0.763906,1.309061,13
24957272.000000,0.761570,1.313076,13
10966990.000000,0.779845,1.282306,15
24955062.000000,0.763428,1.309881,13
11237628.000000,0.778486,1.284545,15
11240152.000000,0.780855,1.280648,15
11237775.000000,0.777047,1.286924,15
24957467.000000,0.764226,1.308514,13
24966081.000000,0.759833,1.316078,13
12189584.000000,0.768998,1.300394,15
24952793.000000,0.763150,1.310359,13
12191060.000000,0.764927,1.307314,15
24959186.000000,0.762875,1.310831,13
12191493.000000,0.768248,1.301662,15
11905674.000000,0.760130,1.315565,15
12192446.000000,0.769784,1.299065,15
12193862.000000,0.768164,1.301805,15
11630078.000000,0.762451,1.311559,15
11905139.000000,0.763062,1.310510,15
11907781.000000,0.760039,1.315722,15
11908303.000000,0.759013,1.317500,15
11878534.000000,0.785225,1.273520,15
11879635.000000,0.788098,1.268878,15
11905887.000000,0.765682,1.306024,15
12189647.000000,0.774904,1.290483,15
12190433.000000,0.778477,1.284559,15
12189863.000000,0.769933,1.298814,15
12190459.000000,0.764842,1.307459,15
11877638.000000,0.728717,1.372275,16
12192452.000000,0.774536,1.291096,15
12189650.000000,0.765759,1.305895,15
12192127.000000,0.763651,1.309500,15
12194515.000000,0.763995,1.308909,15
12198964.000000,0.760245,1.315366,15
12191131.000000,0.769323,1.299845,15
12193561.000000,0.776038,1.288597,15
12189948.000000,0.771198,1.296683,15
12189801.000000,0.765510,1.306319,15
12192581.000000,0.768964,1.300451,15
12189801.000000,0.764528,1.307997,15
12189647.000000,0.771219,1.296649,15
12194009.000000,0.766196,1.305149,15
12193561.000000,0.763525,1.309716,15
11904993.000000,0.761333,1.313486,15
11907798.000000,0.759944,1.315886,15
11908099.000000,0.764854,1.307439,15
11600121.000000,0.722297,1.384473,16
11904993.000000,0.759352,1.316912,15
11908246.000000,0.754085,1.326110,15
24159042.000000,0.765184,1.306876,13
24953013.000000,0.762629,1.311253,13
24959090.000000,0.762598,1.311307,13
24959054.000000,0.760940,1.314164,13
11629504.000000,0.761373,1.313416,15
23506960.000000,0.765077,1.307057,13
11626154.000000,0.764208,1.308544,15
24163172.000000,0.759707,1.316297,13
24160074.000000,0.764644,1.307797,13
11907215.000000,0.765115,1.306993,15
11905841.000000,0.755325,1.323934,15
24276617.000000,0.762884,1.310814,13
24281369.000000,0.763338,1.310035,13
24281341.000000,0.763257,1.310175,13
24953223.000000,0.764677,1.307742,13
24954915.000000,0.764014,1.308877,13
24959348.000000,0.762856,1.310863,13
11906248.000000,0.759979,1.315825,15
24952706.000000,0.761909,1.312493,13
24959547.000000,0.761940,1.312440,13
11603073.000000,0.754827,1.324807,15
11904846.000000,0.761592,1.313039,15
24957061.000000,0.762620,1.311270,13
11904993.000000,0.759871,1.316013,15
11905294.000000,0.759571,1.316532,15
11908246.000000,0.752773,1.328422,15
11907945.000000,0.762832,1.310905,15
10970577.000000,0.778213,1.284996,15
11908407.000000,0.757505,1.320124,15
11627511.000000,0.760609,1.314736,15
11905952.000000,0.761731,1.312799,15
11602854.000000,0.720633,1.387670,16
11904996.000000,0.756489,1.321897,15
11908088.000000,0.757432,1.320250,15
11907890.000000,0.759156,1.317252,15
11906993.000000,0.761396,1.313377,15
11627126.000000,0.756041,1.322680,15
11907229.000000,0.759583,1.316512,15
11907945.000000,0.757533,1.320075,15
11626301.000000,0.760541,1.314854,15
11908927.000000,0.756296,1.322233,15
11239570.000000,0.789602,1.266460,15
11905739.000000,0.758816,1.317843,15
11908246.000000,0.754592,1.325219,15
12190763.000000,0.767405,1.303092,15
12190475.000000,0.765680,1.306029,15
12191493.000000,0.759825,1.316093,15
12190828.000000,0.765039,1.307123,15
10952621.000000,0.808303,1.237160,4
11239486.000000,0.782024,1.278733,15
11240529.000000,0.783504,1.276318,15
11238517.000000,0.781699,1.279265,15
11239315.000000,0.779319,1.283172,15
11239937.000000,0.775808,1.288979,15
11603143.000000,0.786725,1.271093,15
11905955.000000,0.770016,1.298674,15
11906122.000000,0.760096,1.315624,15
12191707.000000,0.765277,1.306716,15
11879935.000000,0.784487,1.274718,15
12189500.000000,0.769057,1.300294,15
11905150.000000,0.761473,1.313245,15
11905149.000000,0.763243,1.310198,15
12193069.000000,0.762777,1.310999,15
11906174.000000,0.761462,1.313263,15
11905889.000000,0.758594,1.318227,15
12191115.000000,0.764980,1.307224,15
11905333.000000,0.759663,1.316372,15
11909355.000000,0.758425,1.318522,15
12193506.000000,0.766083,1.305342,15
11904993.000000,0.759766,1.316195,15
12192016.000000,0.769941,1.298801,15
12190760.000000,0.761737,1.312789,15
11877975.000000,0.791155,1.263974,15
12189500.000000,0.766918,1.303920,15
11879631.000000,0.783246,1.276738,15
12192019.000000,0.772130,1.295119,15
12190543.000000,0.764444,1.308140,15
12189804.000000,0.766318,1.304941,15
11904849.000000,0.767939,1.302187,15
12189804.000000,0.769229,1.300003,15
11601528.000000,0.757545,1.320053,15
11878084.000000,0.786838,1.270910,15
11904996.000000,0.759191,1.317192,15
12189584.000000,0.766732,1.304237,15
12191953.000000,0.768850,1.300644,15
11908249.000000,0.759108,1.317336,15
12189500.000000,0.766067,1.305369,15
11908084.000000,0.758721,1.318007,15
12193862.000000,0.763256,1.310177,15
11905215.000000,0.763419,1.309896,15
12192599.000000,0.766585,1.304488,15
12193597.000000,0.765579,1.306201,15
11908112.000000,0.759410,1.316812,15
11603663.000000,0.722630,1.383834,16
12191568.000000,0.766236,1.305080,15
12194082.000000,0.760257,1.315344,15
284243522.000000,0.828373,1.207186,6
288346209.000000,0.841016,1.189037,6
288334641.000000,0.841495,1.188362,6
284849223.000000,0.829158,1.206042,6
288391709.000000,0.837984,1.193341,6
288358905.000000,0.840839,1.189289,6
288402629.000000,0.839260,1.191526,6
288383268.000000,0.838401,1.192747,6
295575297.000000,0.829055,1.206193,6
298797131.000000,0.836723,1.195139,6
294852817.000000,0.823962,1.213648,6
295600306.000000,0.829384,1.205714,6
298807444.000000,0.836915,1.194865,6
298824871.000000,0.836084,1.196053,6
298807341.000000,0.837357,1.194234,6
294850946.000000,0.822475,1.215843,6
298846213.000000,0.836676,1.195206,6
298823314.000000,0.836662,1.195225,6
298803116.000000,0.835947,1.196249,6
298809686.000000,0.835457,1.196950,6
294845523.000000,0.823712,1.214017,6
298816054.000000,0.837060,1.194657,6
298828376.000000,0.835470,1.196931,6
298802478.000000,0.837669,1.193788,6
298803104.000000,0.835957,1.196234,6
298824030.000000,0.835075,1.197497,6
298850738.000000,0.834844,1.197828,6
295649077.000000,0.825498,1.211390,6
298852532.000000,0.833584,1.199639,6
298854014.000000,0.831238,1.203025,6
298848893.000000,0.835306,1.197167,6
298848757.000000,0.835844,1.196396,6
287749393.000000,0.829239,1.205925,6
290792962.000000,0.836184,1.195909,6
286989631.000000,0.819507,1.220245,6
290793506.000000,0.837275,1.194350,6
290803632.000000,0.835522,1.196856,6
294805658.000000,0.823572,1.214222,6
290848512.000000,0.834374,1.198503,6
298797046.000000,0.836652,1.195239,6
290846754.000000,0.833413,1.199885,6
298846433.000000,0.834257,1.198672,6
290850166.000000,0.833418,1.199878,6
295682664.000000,0.824821,1.212384,6
298803041.000000,0.833840,1.199270,6
298813479.000000,0.833433,1.199856,6
298853710.000000,0.832983,1.200505,6
298869619.000000,0.833152,1.200262,6
284306255.000000,0.825646,1.211173,6
288449535.000000,0.835939,1.196260,6
285099485.000000,0.828935,1.206367,6
288451497.000000,0.837322,1.194283,6
288486866.000000,0.836562,1.195369,6
290810068.000000,0.836023,1.196140,6
288483216.000000,0.836250,1.195815,6
288512157.000000,0.835313,1.197156,6
288500393.000000,0.835151,1.197388,6
290815910.000000,0.836660,1.195229,6
287762633.000000,0.828034,1.207680,6
286982104.000000,0.818573,1.221639,6
290799256.000000,0.835212,1.197301,6
290815762.000000,0.834656,1.198098,6
290815340.000000,0.836737,1.195119,6
287784516.000000,0.824640,1.212651,6
290802610.000000,0.836477,1.195490,6
290847611.000000,0.835127,1.197422,6
286968266.000000,0.821866,1.216743,6
290800150.000000,0.835592,1.196756,6
290806867.000000,0.834787,1.197910,6
290811841.000000,0.834876,1.197783,6
290794223.000000,0.834077,1.198930,6
290842072.000000,0.834496,1.198327,6
286935445.000000,0.819803,1.219805,6
290800889.000000,0.835061,1.197517,6
290825995.000000,0.835251,1.197245,6
286944574.000000,0.820252,1.219138,6
290810276.000000,0.836647,1.195247,6
287764481.000000,0.825572,1.211281,6
290796627.000000,0.836263,1.195796,6
290848849.000000,0.834615,1.198157,6
290848626.000000,0.833106,1.200327,6
290841468.000000,0.834280,1.198638,6
290841905.000000,0.832969,1.200524,6
290852068.000000,0.833548,1.199691,6
286984421.000000,0.817365,1.223443,6
290844328.000000,0.831211,1.203064,6
290891258.000000,0.831716,1.202334,6
290845954.000000,0.833564,1.199668,6
287759963.000000,0.828528,1.206960,6
290801784.000000,0.835872,1.196356,6
290799396.000000,0.835550,1.196816,6
287724650.000000,0.827233,1.208849,6
290841731.000000,0.834478,1.198353,6
290793417.000000,0.835856,1.196378,6
290848995.000000,0.834251,1.198680,6
290834313.000000,0.833502,1.199757,6
298818655.000000,0.835395,1.197039,6
294890953.000000,0.823737,1.213979,6
298821433.000000,0.837092,1.194611,6
298812442.000000,0.836890,1.194899,6
294828347.000000,0.822320,1.216071,6
298820393.000000,0.835236,1.197266,6
298802900.000000,0.835323,1.197141,6
298819215.000000,0.833387,1.199923,6
294877556.000000,0.821713,1.216970,6
298841795.000000,0.836304,1.195737,6
294925555.000000,0.821315,1.217560,6
298848988.000000,0.835489,1.196904,6
298850106.000000,0.834424,1.198431,6
298802053.000000,0.835393,1.197042,6
298831737.000000,0.834492,1.198334,6
298836533.000000,0.833705,1.199464,6
298838212.000000,0.832947,1.200556,6
295714153.000000,0.824279,1.213181,6
298826931.000000,0.833965,1.199091,6
298851856.000000,0.833026,1.200443,6
295577022.000000,0.826911,1.209321,6
298805097.000000,0.834767,1.197939,6
298845602.000000,0.834195,1.198760,6
295638284.000000,0.827848,1.207952,6
298852920.000000,0.831136,1.203173,6
298800052.000000,0.835974,1.196210,6
298817983.000000,0.835783,1.196483,6
298805532.000000,0.835171,1.197360,6
295666037.000000,0.825011,1.212106,6
298851909.000000,0.834578,1.198210,6
298845707.000000,0.832780,1.200797,6
298860398.000000,0.833343,1.199986,6
57695300.000000,0.864249,1.157074,12
57241723.000000,0.862490,1.159434,12
60302156.000000,0.864911,1.156188,12
60302388.000000,0.859968,1.162834,12
60308939.000000,0.858166,1.165276,12
60310507.000000,0.858001,1.165500,12
60328200.000000,0.856775,1.167168,12
60316790.000000,0.857407,1.166307,12
62557286.000000,0.861786,1.160381,12
62067707.000000,0.859586,1.163351,12
62077694.000000,0.857086,1.166744,12
62569402.000000,0.857523,1.166149,12
65381173.000000,0.860572,1.162018,12
65381961.000000,0.860300,1.162385,12
65393114.000000,0.859299,1.163739,12
65384737.000000,0.856842,1.167076,12
65386498.000000,0.855923,1.168329,12
65389061.000000,0.856257,1.167874,12
65391947.000000,0.859128,1.163971,12
65408304.000000,0.855132,1.169410,12
65387284.000000,0.857729,1.165869,12
65380851.000000,0.855008,1.169579,12
65394216.000000,0.855089,1.169469,12
65395034.000000,0.855850,1.168429,12
62072526.000000,0.856370,1.167720,12
62079047.000000,0.858094,1.165373,12
62570501.000000,0.858671,1.164590,12
62567472.000000,0.857235,1.166542,12
65381140.000000,0.859709,1.163185,12
65391869.000000,0.858479,1.164851,12
65381158.000000,0.860363,1.162300,12
65383996.000000,0.858539,1.164770,12
65386001.000000,0.859294,1.163746,12
65384668.000000,0.857069,1.166768,12
65387038.000000,0.858549,1.164756,12
65395045.000000,0.854825,1.169830,12
65382260.000000,0.854445,1.170350,12
65381110.000000,0.857115,1.166705,12
65394386.000000,0.855452,1.168973,12
65392840.000000,0.853019,1.172307,12
60505852.000000,0.863198,1.158483,12
60500405.000000,0.863708,1.157798,12
60972888.000000,0.858935,1.164232,12
60514754.000000,0.861910,1.160214,12
60495263.000000,0.863627,1.157907,12
60983310.000000,0.856406,1.167670,12
60495098.000000,0.864570,1.156644,12
60980048.000000,0.859687,1.163215,12
63723985.000000,0.857868,1.165681,12
57256215.000000,0.860586,1.161999,12
63734622.000000,0.853705,1.171365,12
63728706.000000,0.855400,1.169043,12
60982201.000000,0.861504,1.160760,12
63724286.000000,0.855863,1.168411,12
63728569.000000,0.854328,1.170510,12
63728696.000000,0.853820,1.171207,12
63734727.000000,0.856393,1.167688,12
63736708.000000,0.855643,1.168711,12
63736774.000000,0.858379,1.164987,12
63734706.000000,0.853943,1.171039,12
63724048.000000,0.852147,1.173506,12
63729091.000000,0.857661,1.165961,12
63735346.000000,0.852684,1.172767,12
63735319.000000,0.855287,1.169198,12
63728071.000000,0.858183,1.165253,12
63737230.000000,0.850977,1.175120,12
63724489.000000,0.852107,1.173562,12
63725104.000000,0.852253,1.173361,12
57710183.000000,0.859942,1.162869,12
63736235.000000,0.851588,1.174276,12
63736615.000000,0.848793,1.178143,12
63728599.000000,0.851179,1.174840,12
63736561.000000,0.852533,1.172974,12
63723999.000000,0.859976,1.162824,12
60982623.000000,0.858235,1.165181,12
60326332.000000,0.860717,1.161822,12
63732613.000000,0.856295,1.167821,12
60326887.000000,0.857976,1.165534,12
63723765.000000,0.858760,1.164470,12
60328632.000000,0.857567,1.166089,12
63731915.000000,0.852440,1.173104,12
63732116.000000,0.852015,1.173689,12
60338266.000000,0.856183,1.167974,12
60495985.000000,0.862768,1.159060,12
60330695.000000,0.854253,1.170613,12
62075691.000000,0.859375,1.163637,12
60332860.000000,0.853225,1.172024,12
63728768.000000,0.854091,1.170835,12
63726440.000000,0.856689,1.167285,12
63735082.000000,0.852492,1.173032,12
62074050.000000,0.858445,1.164898,12
62078307.000000,0.856701,1.167268,12
62071056.000000,0.858530,1.164782,12
63737086.000000,0.858633,1.164642,12
63737712.000000,0.855293,1.169189,12
65386306.000000,0.862233,1.159779,12
65384871.000000,0.861284,1.161057,12
65389451.000000,0.860759,1.161765,12
65391815.000000,0.859071,1.164048,12
65386145.000000,0.861093,1.161314,12
65387017.000000,0.860414,1.162232,12
65381672.000000,0.858447,1.164894,12
62565701.000000,0.855534,1.168860,12
62556702.000000,0.860717,1.161821,12
65387005.000000,0.858431,1.164916,12
65381112.000000,0.861448,1.160837,12
63724132.000000,0.857990,1.165515,12
65393257.000000,0.858067,1.165410,12
65386211.000000,0.861114,1.161287,12
65380433.000000,0.861468,1.160809,12
65386340.000000,0.858217,1.165206,12
60975707.000000,0.861282,1.161060,12
63728669.000000,0.857840,1.165718,12
65384922.000000,0.860823,1.161679,12
65386180.000000,0.860807,1.161701,12
62567111.000000,0.858146,1.165303,12
65395040.000000,0.860253,1.162449,12
65380784.000000,0.855806,1.168489,12
65391193.000000,0.859669,1.163238,12
62556848.000000,0.860774,1.161746,12
65399152.000000,0.859889,1.162941,12
65391992.000000,0.852852,1.172536,12
63735523.000000,0.857826,1.165737,12
63731190.000000,0.855887,1.168378,12
65399137.000000,0.860026,1.162755,12
65386331.000000,0.857817,1.165750,12
65394180.000000,0.860108,1.162645,12
65393870.000000,0.860036,1.162742,12
155313192.000000,0.783842,1.275768,10
155159280.000000,0.783987,1.275531,10
158904508.000000,0.787238,1.270264,10
158964154.000000,0.788323,1.268516,10
159004395.000000,0.790183,1.265530,10
159002235.000000,0.783216,1.276788,10
159036894.000000,0.785561,1.272975,10
158992371.000000,0.782526,1.277913,10
166732576.000000,0.791498,1.263426,10
166521998.000000,0.780206,1.281713,10
170655848.000000,0.786566,1.271350,10
170636965.000000,0.787414,1.269980,10
170665201.000000,0.785146,1.273648,10
170679379.000000,0.784148,1.275270,10
170708552.000000,0.782069,1.278659,10
166737924.000000,0.790922,1.264347,10
170690833.000000,0.781277,1.279955,10
166519538.000000,0.780182,1.281753,10
166502564.000000,0.779177,1.283406,10
166778277.000000,0.786221,1.271907,10
170643356.000000,0.787940,1.269132,10
170605107.000000,0.787585,1.269704,10
170641184.000000,0.785182,1.273590,10
170579590.000000,0.786022,1.272229,10
170633689.000000,0.785309,1.273385,10
170655072.000000,0.786049,1.272186,10
170663070.000000,0.779786,1.282403,10
170657443.000000,0.785443,1.273167,10
162181806.000000,0.785181,1.273591,10
170669167.000000,0.781926,1.278893,10
161906991.000000,0.782733,1.277575,10
170656354.000000,0.781564,1.279486,10
170664858.000000,0.779296,1.283209,10
161877613.000000,0.784905,1.274040,10
161918138.000000,0.785959,1.272331,10
170687711.000000,0.776018,1.288630,10
161956898.000000,0.784318,1.274993,10
162181399.000000,0.781612,1.279407,10
155136429.000000,0.783528,1.276278,10
162110513.000000,0.788526,1.268189,10
166739861.000000,0.785816,1.272563,10
166518706.000000,0.777537,1.286112,10
165930459.000000,0.785300,1.273399,10
165948309.000000,0.788613,1.268049,10
155311122.000000,0.787525,1.269802,10
165951771.000000,0.787552,1.269757,10
165944753.000000,0.785387,1.273258,10
165959829.000000,0.787895,1.269204,10
165961474.000000,0.784954,1.273960,10
165957839.000000,0.784815,1.274185,10
165965521.000000,0.783500,1.276324,10
158964129.000000,0.784618,1.274506,10
162129142.000000,0.779382,1.283068,10
165993939.000000,0.786304,1.271772,10
166041589.000000,0.778640,1.284290,10
165934861.000000,0.788040,1.268972,10
166005738.000000,0.778704,1.284185,10
166007719.000000,0.778182,1.285047,10
166008170.000000,0.778787,1.284048,10
166002097.000000,0.776983,1.287029,10
166043669.000000,0.777278,1.286540,10
159016966.000000,0.781636,1.279367,10
165964732.000000,0.786314,1.271756,10
158915781.000000,0.789043,1.267359,10
161903380.000000,0.784175,1.275226,10
166023757.000000,0.782752,1.277544,10
159010367.000000,0.780533,1.281176,10
170627176.000000,0.788920,1.267556,10
170560410.000000,0.787842,1.269290,10
165998222.000000,0.779359,1.283105,10
165987721.000000,0.783830,1.275788,10
170706064.000000,0.780171,1.281771,10
166006252.000000,0.777265,1.286563,10
158985151.000000,0.780207,1.281711,10
170681065.000000,0.781415,1.279730,10
166057100.000000,0.775526,1.289448,10
159016579.000000,0.778630,1.284308,10
161952950.000000,0.782353,1.278195,10
165981575.000000,0.778452,1.284600,10
166038118.000000,0.777722,1.285807,10
170665907.000000,0.778056,1.285255,10
170730423.000000,0.774748,1.290742,10
166418469.000000,0.789276,1.266984,10
166015942.000000,0.778783,1.284056,10
166500029.000000,0.786758,1.271039,10
166484312.000000,0.781513,1.279569,10
166517919.000000,0.781838,1.279037,10
162087204.000000,0.788176,1.268753,10
165976406.000000,0.784047,1.275434,10
166046933.000000,0.776600,1.287664,10
165988287.000000,0.784197,1.275190,10
166680675.000000,0.789485,1.266648,10
170671938.000000,0.786766,1.271025,10
165989796.000000,0.781227,1.280037,10
166025077.000000,0.781248,1.280003,10
170657011.000000,0.782371,1.278166,10
162081461.000000,0.784940,1.273983,10
170672435.000000,0.779692,1.282558,10
170679640.000000,0.779563,1.282770,10
166685869.000000,0.787569,1.269731,10
165975362.000000,0.782437,1.278058,10
165998763.000000,0.781758,1.279168,10
166040111.000000,0.777754,1.285754,10
170688751.000000,0.782004,1.278766,10
166607314.000000,0.787360,1.270067,10
170648193.000000,0.786764,1.271029,10
170680913.000000,0.782263,1.278343,10
165977386.000000,0.783568,1.276214,10
170619980.000000,0.782743,1.277559,10
170664800.000000,0.782621,1.277758,10
166662201.000000,0.785191,1.273576,10
170693845.000000,0.780581,1.281097,10
170709026.000000,0.778124,1.285141,10
170714607.000000,0.777704,1.285837,10
166016397.000000,0.781205,1.280073,10
166058678.000000,0.780087,1.281909,10
170707109.000000,0.778163,1.285077,10
170705855.000000,0.779062,1.283595,10
170698636.000000,0.777341,1.286437,10
170670693.000000,0.783229,1.276766,10
170707343.000000,0.780252,1.281637,10
170762588.000000,0.777065,1.286893,10
170691988.000000,0.781693,1.279274,10
170678343.000000,0.779315,1.283179,10
170699070.000000,0.781703,1.279258,10
170666495.000000,0.778344,1.284779,10
170764083.000000,0.777482,1.286204,10
170743484.000000,0.776923,1.287129,10
179106781.000000,0.764959,1.307260,10
179007181.000000,0.770007,1.298690,10
175592229.000000,0.762099,1.312165,10
175496183.000000,0.760380,1.315132,10
178955797.000000,0.770898,1.297188,10
170722734.000000,0.763919,1.309039,10
174200053.000000,0.763939,1.309005,10
179068752.000000,0.768601,1.301066,10
174212237.000000,0.764327,1.308340,10
178970444.000000,0.769531,1.299494,10
175374021.000000,0.775937,1.288765,10
174215070.000000,0.766277,1.305011,10
175493571.000000,0.761972,1.312384,10
174303783.000000,0.759695,1.316318,10
178899122.000000,0.777412,1.286319,10
179023161.000000,0.765568,1.306220,10
166700550.000000,0.761132,1.313833,10
175337861.000000,0.779482,1.282904,10
174215872.000000,0.763776,1.309285,10
179035358.000000,0.766184,1.305169,10
174408443.000000,0.763269,1.310154,10
175286425.000000,0.771101,1.296846,10
178857036.000000,0.772224,1.294961,10
174172763.000000,0.769881,1.298902,10
163405135.000000,0.744810,1.342624,4
174320323.000000,0.759797,1.316142,10
170641947.000000,0.765482,1.306366,10
175306296.000000,0.765544,1.306261,10
178978516.000000,0.770822,1.297316,10
178895130.000000,0.776962,1.287064,10
163235696.000000,0.777230,1.286620,10
170761611.000000,0.768508,1.301223,10
170698351.000000,0.766643,1.304388,10
174226224.000000,0.760516,1.314897,10
178925837.000000,0.766932,1.303897,10
178893313.000000,0.770331,1.298143,10
179082743.000000,0.770036,1.298640,10
174207491.000000,0.760010,1.315773,10
174386635.000000,0.763063,1.310507,10
166589033.000000,0.762147,1.312082,10
179110686.000000,0.760339,1.315203,10
174255486.000000,0.759558,1.316555,10
174284986.000000,0.765637,1.306101,10
174315429.000000,0.763526,1.309713,10
175336595.000000,0.769412,1.299694,10
178983489.000000,0.770181,1.298395,10
166564068.000000,0.763385,1.309955,10
174237743.000000,0.763536,1.309695,10
166744836.000000,0.764942,1.307289,10
174272366.000000,0.763281,1.310133,10
174283968.000000,0.762659,1.311202,10
175414095.000000,0.772707,1.294151,10
175647433.000000,0.760081,1.315649,10
170709543.000000,0.776311,1.288144,10
166664292.000000,0.769465,1.299604,10
166706014.000000,0.754856,1.324755,10
174224324.000000,0.767604,1.302755,10
174265588.000000,0.761562,1.313090,10
174318232.000000,0.761790,1.312697,10
179077185.000000,0.762265,1.311879,10
178912756.000000,0.770060,1.298600,10
170725890.000000,0.777705,1.285835,10
179033923.000000,0.766685,1.304317,10
174272829.000000,0.756719,1.321495,10
179070554.000000,0.767420,1.303068,10
166678924.000000,0.770494,1.297869,10
178918156.000000,0.773584,1.292684,10
174116258.000000,0.770862,1.297250,10
174305222.000000,0.757149,1.320743,10
178925319.000000,0.775222,1.289954,10
174189271.000000,0.771800,1.295672,10
174273463.000000,0.759792,1.316149,10
175340991.000000,0.780009,1.282036,10
163492145.000000,0.759635,1.316422,10
170740530.000000,0.774072,1.291870,10
174180439.000000,0.771422,1.296307,10
179042240.000000,0.767616,1.302735,10
175354014.000000,0.773210,1.293311,10
174226878.000000,0.766644,1.304386,10
174219864.000000,0.760967,1.314117,10
178975563.000000,0.768114,1.301890,10
170715074.000000,0.777744,1.285770,10
174258773.000000,0.760820,1.314371,10
178921130.000000,0.775158,1.290059,10
170759254.000000,0.770609,1.297674,10
178994733.000000,0.770242,1.298293,10
166630488.000000,0.754164,1.325971,10
174278799.000000,0.761974,1.312380,10
170743149.000000,0.773521,1.292789,10
166612996.000000,0.759137,1.317285,10
178873584.000000,0.773473,1.292870,10
163295520.000000,0.761211,1.313697,10
178900694.000000,0.772433,1.294611,10
179081810.000000,0.762342,1.311747,10
179041606.000000,0.767841,1.302352,10
166576551.000000,0.768739,1.300832,10
178951671.000000,0.773723,1.292452,10
179067951.000000,0.766040,1.305414,10
179023787.000000,0.773412,1.292972,10
166681384.000000,0.765954,1.305561,10
179002338.000000,0.771040,1.296950,10
179043193.000000,0.768304,1.301568,10
179034858.000000,0.767234,1.303383,10
174347512.000000,0.759689,1.316329,10
178855833.000000,0.773176,1.293366,10
178976820.000000,0.767226,1.303396,10
175621001.000000,0.757555,1.320036,10
179036283.000000,0.769613,1.299354,10
166720655.000000,0.770183,1.298393,10
174215675.000000,0.763212,1.310252,10
178992449.000000,0.765324,1.306636,10
170680253.000000,0.766098,1.305316,10
179097172.000000,0.759377,1.316869,10
174251353.000000,0.761511,1.313179,10
179033433.000000,0.770169,1.298416,10
178948939.000000,0.767839,1.302356,10
178995044.000000,0.770189,1.298383,10
175554488.000000,0.764648,1.307792,10
179013099.000000,0.765173,1.306893,10
179083088.000000,0.766624,1.304420,10
170721131.000000,0.762344,1.311744,10
174270525.000000,0.763478,1.309795,10
174325938.000000,0.763019,1.310583,10
179065033.000000,0.768189,1.301763,10
175294962.000000,0.769340,1.299816,10
174275926.000000,0.759760,1.316205,10
175508650.000000,0.765991,1.305499,10
178926848.000000,0.765076,1.307060,10
